username,followers,following,tweets,account_age_days,avg_hashtags,likes_per_post,posts_per_day,bio_length,has_number_in_name,label
news_88675,208,4354,3210,144,24,1.37,22.29,0,1,bot
vikram_hike67,79550,91,518,1355,4,22.45,0.38,115,0,real
spam_0183,314,1280,1213,54,15,0.81,22.46,0,1,bot
suresh_read,57947,158,2253,1666,2,33.85,1.35,117,0,real
promo_xx601,164,2378,5385,32,12,1.95,168.28,28,1,bot
dm_22786,320,1687,1976,101,13,1.93,19.56,0,1,bot
pooja_food,79290,115,1441,3909,4,52.3,0.37,121,0,real
priya_coder,67313,68,3750,1192,4,213.79,3.15,154,0,real
crypto_01131,244,3912,2219,131,24,1.73,16.94,0,1,bot
anil_run10,44286,64,4854,915,2,63.3,5.3,136,0,real
rich_03312,388,3290,7693,133,15,0.05,57.84,0,1,bot
quick_33205,225,1065,557,30,8,0.67,18.57,0,1,bot
sanjay_dev,30068,278,331,747,6,119.48,0.44,41,0,real
alert_77483,142,4034,9259,39,13,1.89,237.41,0,1,bot
retweet_99205,92,4072,4795,75,16,0.29,63.93,0,1,bot
win_77802,318,4768,3465,38,14,0.37,91.18,0,1,bot
ramesh_dance94,27534,1019,1397,3868,0,236.09,0.36,75,0,real
quick_44705,130,2354,144,130,8,1.34,1.11,8,1,bot
raj_design74,69878,718,3769,3062,5,201.29,1.23,110,0,real
mass_44857,168,3220,2976,133,23,0.08,22.38,0,1,bot
retweet_2025539,197,1201,3716,72,10,0.03,51.61,11,1,bot
ajay_film,34191,1112,1351,2645,3,142.86,0.51,80,0,real
news_02100,167,1721,6748,120,10,1.2,56.23,26,1,bot
bot_00711,240,2249,7819,35,8,0.66,223.4,0,1,bot
dm_99949,244,4272,1917,119,11,1.56,16.11,0,1,bot
sunil_art83,36990,565,1341,3947,0,23.18,0.34,146,0,real
daily_xx190,247,3567,122,101,10,0.77,1.21,0,1,bot
invest_x526,60,2908,7792,134,18,1.83,58.15,0,1,bot
invest_99497,160,3289,8992,119,23,0.38,75.56,0,1,bot
free_03779,154,3444,1747,141,14,0.59,12.39,0,1,bot
clone_03692,400,2008,9188,32,12,0.61,287.12,18,1,bot
promo_00178,344,2647,5281,10,8,0.78,528.1,0,1,bot
mohan_hike,75950,777,2998,2306,2,232.85,1.3,153,0,real
vikram_hike66,17363,596,2706,2417,3,115.56,1.12,57,0,real
raj_food54,6395,1046,4348,1923,0,274.33,2.26,151,0,real
alert_55123,80,3899,285,10,13,0.99,28.5,0,1,bot
daily_99723,116,3124,9289,42,18,2.0,221.17,20,1,bot
mass_bot319,284,3416,3210,22,20,1.96,145.91,0,1,bot
dm_03307,18,4341,6135,128,18,1.35,47.93,0,1,bot
vinod_read,14779,1091,3763,1345,0,7.14,2.8,127,0,real
ajay_coder,71611,1050,4114,1156,2,288.05,3.56,80,0,real
win_02949,241,2474,7431,72,20,0.0,103.21,0,1,bot
kavita_run12,39686,585,4910,3957,2,56.12,1.24,131,0,real
trade_02388,316,2302,7137,102,15,1.84,69.97,0,1,bot
mahesh_photo93,32710,448,4947,960,6,228.85,5.15,65,0,real
vivek_create,13946,793,2623,3455,4,163.01,0.76,120,0,real
dm_05179,124,3083,2088,99,14,1.58,21.09,12,1,bot
viral_0135,211,3175,7952,115,11,0.9,69.15,0,1,bot
lucky_66142,368,3467,8493,112,17,1.69,75.83,0,1,bot
crypto_x781,281,3209,109,48,18,0.98,2.27,0,1,bot
viral_22331,290,2383,9568,79,12,1.13,121.11,0,1,bot
vijay_read43,33560,431,2813,3955,6,262.23,0.71,160,0,real
mahesh_read,9855,268,2011,1422,1,101.02,1.41,142,0,real
kavita_sports79,66076,333,679,1218,4,173.32,0.56,124,0,real
crypto_77169,170,2908,6760,122,11,1.07,55.41,0,1,bot
spam_99289,344,3447,7810,133,17,1.07,58.72,8,1,bot
free_2024565,14,3297,1932,116,10,1.89,16.66,0,1,bot
sarah_blog59,1096,860,3089,1991,6,71.06,1.55,92,0,real
vivek_music1,54970,297,2177,983,6,168.6,2.21,140,0,real
clone_xxx982,217,1949,3122,125,13,1.28,24.98,18,1,bot
auto_02185,115,2126,4118,11,22,0.17,374.36,0,1,bot
viral_2025491,92,3419,6832,60,8,0.49,113.87,0,1,bot
arun_run,64617,643,212,3435,5,215.85,0.06,126,0,real
jane_design49,50246,88,3171,2328,3,18.1,1.36,72,0,real
sunil_teach,52573,758,673,3387,4,233.51,0.2,146,0,real
neha_art,3275,1192,449,3099,5,253.65,0.14,77,0,real
retweet_03809,118,1396,8657,17,8,0.75,509.24,0,1,bot
vikram_travel,27232,113,4751,3963,3,140.46,1.2,133,0,real
mass_03266,43,1089,3339,26,22,1.62,128.42,0,1,bot
news_99672,384,2330,9425,122,12,0.42,77.25,0,1,bot
profit_04681,129,2586,6578,111,18,1.08,59.26,26,1,bot
dm_2025205,47,1555,7506,38,13,1.8,197.53,0,1,bot
mohan_create8,41920,587,3712,2631,2,223.95,1.41,142,0,real
amit_cook,25973,1024,838,641,4,178.87,1.31,144,0,real
raj_coder,57634,1039,3415,385,4,167.61,8.87,69,0,real
invest_05599,355,2888,4061,107,14,1.04,37.95,0,1,bot
invest_5551,229,3531,9936,109,16,0.3,91.16,0,1,bot
alert_xx688,296,1541,773,101,13,0.52,7.65,21,1,bot
suresh_teach,62561,912,3853,2437,2,45.16,1.58,96,0,real
mike_cycle14,54504,1001,4416,2248,3,44.65,1.96,20,0,real
retweet_02430,222,4626,1722,46,23,1.23,37.43,0,1,bot
trend_03340,235,4580,1733,32,24,1.82,54.16,0,1,bot
bot_01740,156,3194,380,77,24,1.63,4.94,26,1,bot
rich_04365,64,4190,2064,46,10,1.35,44.87,26,1,bot
cash_99403,338,3704,2573,16,9,1.96,160.81,0,1,bot
pump_025,119,4785,8360,32,23,0.73,261.25,0,1,bot
retweet_02769,338,4148,5673,75,11,0.59,75.64,10,1,bot
pooja_blog,42788,833,4591,2051,4,223.01,2.24,75,0,real
clone_88940,65,3102,8466,18,21,0.83,470.33,0,1,bot
arun_read,75792,601,3302,2044,4,13.42,1.62,151,0,real
pump_00234,344,2297,4873,87,16,1.21,56.01,0,1,bot
ashok_photo,1499,317,4719,428,0,94.3,11.03,71,0,real
like_22803,126,3009,5929,122,25,1.88,48.6,0,1,bot
clone_xxx985,31,2850,116,149,22,1.92,0.78,0,1,bot
profit_11582,322,1718,6743,56,21,1.03,120.41,7,1,bot
fake_x828,397,2695,9762,145,15,1.11,67.32,17,1,bot
free_5567,111,4994,5648,100,14,1.19,56.48,0,1,bot
fast_66488,49,2827,6150,61,24,0.81,100.82,22,1,bot
trade_99768,398,4314,3243,53,16,1.97,61.19,18,1,bot
suresh_blog,25992,1057,714,2064,4,156.72,0.35,59,0,real
quick_99681,87,2091,5503,106,20,1.15,51.92,21,1,bot
bot_7772,223,3150,4824,113,21,0.34,42.69,0,1,bot
vikram_blog61,35850,349,2641,2601,3,295.66,1.02,157,0,real
mahesh_food54,49115,772,546,1118,3,54.34,0.49,28,0,real
jane_food83,19573,938,3329,1686,1,15.03,1.97,81,0,real
fake_01457,77,2857,8509,21,21,0.91,405.19,6,1,bot
kavita_music74,34374,842,3001,1936,6,241.51,1.55,130,0,real
priya_read69,63075,1025,2395,1120,2,201.92,2.14,146,0,real
win_22591,397,4125,2970,17,23,1.04,174.71,0,1,bot
auto_88349,69,4049,9485,55,19,0.25,172.45,15,1,bot
auto_66335,246,2985,1217,125,10,1.1,9.74,12,1,bot
daily_04703,173,4246,7497,112,23,1.75,66.94,0,1,bot
neha_design23,30028,551,3756,3125,1,16.87,1.2,88,0,real
clone_22818,348,1450,522,51,12,0.03,10.24,0,1,bot
invest_11592,371,4171,6622,95,12,1.71,69.71,0,1,bot
fast_77393,202,2288,7350,122,22,0.07,60.25,0,1,bot
mohan_blog,42615,995,3323,3904,3,261.26,0.85,138,0,real
suresh_food,57004,183,2483,1569,1,299.91,1.58,41,0,real
ganesh_blog77,54999,969,1902,1243,4,249.21,1.53,52,0,real
signal_2025809,311,2435,9539,104,11,0.85,91.72,13,1,bot
mohan_dance31,2642,1012,2587,2301,4,264.81,1.12,118,0,real
fast_04953,102,3552,7544,115,24,0.85,65.6,19,1,bot
quick_0017,83,3404,6625,60,10,0.6,110.42,0,1,bot
quick_99284,77,3873,4190,39,12,1.42,107.44,12,1,bot
daily_x423,381,4383,5399,117,15,1.13,46.15,11,1,bot
signal_11619,336,4233,2884,47,25,1.71,61.36,7,1,bot
alert_33415,349,2254,9628,69,19,0.95,139.54,0,1,bot
alert_x619,62,3080,6746,39,11,0.65,172.97,0,1,bot
follow_00680,163,3948,8408,38,17,1.33,221.26,15,1,bot
fast_02285,116,4359,901,149,13,0.3,6.05,0,1,bot
follow_bot531,164,4646,207,41,17,1.97,5.05,0,1,bot
ashok_art,50893,169,4664,314,0,257.82,14.85,29,0,real
bot_05207,44,2042,5142,79,17,1.01,65.09,0,1,bot
dm_04159,55,4157,4175,102,13,1.0,40.93,0,1,bot
anil_travel18,42067,487,4674,2922,0,296.4,1.6,117,0,real
trend_03639,76,4797,9318,97,23,1.04,96.06,25,1,bot
neha_travel,25913,294,2940,3486,3,140.5,0.84,23,0,real
promo_77592,89,1871,8000,136,15,1.69,58.82,0,1,bot
daily_11793,54,2340,9161,86,22,0.02,106.52,0,1,bot
profit_77255,284,1779,7450,56,12,0.84,133.04,13,1,bot
rich_11858,358,3047,7567,63,12,1.2,120.11,0,1,bot
rajesh_cycle58,75081,578,4131,2569,2,214.26,1.61,128,0,real
profit_22349,315,4605,4626,78,25,0.02,59.31,0,1,bot
ashok_blog91,385,206,1237,3571,6,198.48,0.35,101,0,real
clone_11850,108,3364,1239,99,9,1.32,12.52,0,1,bot
viral_66168,26,1926,6794,56,8,1.85,121.32,0,1,bot
retweet_00898,202,3446,2627,40,13,0.36,65.67,0,1,bot
sarah_run,49961,477,423,3853,3,134.37,0.11,70,0,real
trend_04345,249,2847,7186,116,21,0.74,61.95,0,1,bot
kavita_read,13137,693,2865,3902,2,53.85,0.73,93,0,real
clone_66950,367,2794,8041,80,11,0.06,100.51,0,1,bot
sunil_write20,62922,457,2197,3028,0,129.22,0.73,160,0,real
neha_sports7,15466,332,1192,3359,3,221.26,0.35,128,0,real
spam_00816,193,2201,6241,21,21,0.29,297.19,21,1,bot
rich_66183,64,1827,8052,15,14,0.2,536.8,23,1,bot
vinod_dance27,19770,116,3141,1851,6,299.36,1.7,40,0,real
bot_77265,392,3091,8599,63,25,1.16,136.49,0,1,bot
invest_xxx349,11,2094,4734,136,17,1.67,34.81,23,1,bot
crypto_03613,116,1588,5068,29,23,1.98,174.76,0,1,bot
mass_99673,387,4313,547,81,17,0.97,6.75,0,1,bot
raj_photo96,35765,749,355,3249,3,252.2,0.11,85,0,real
bot_22996,101,4120,8417,135,11,1.74,62.35,0,1,bot
spam_03754,392,1249,5238,145,9,0.1,36.12,0,1,bot
sunil_run,12495,1145,1052,644,5,47.67,1.63,146,0,real
ravi_dance,20480,1101,1055,338,1,116.75,3.12,88,0,real
cash_99892,112,1562,5714,45,21,1.97,126.98,0,1,bot
rajesh_dev,47728,131,3292,1931,5,278.58,1.7,132,0,real
pump_05628,340,3306,6647,18,18,1.93,369.28,0,1,bot
retweet_03677,326,1351,4939,104,15,1.43,47.49,0,1,bot
jane_art33,44339,936,351,2138,2,226.25,0.16,137,0,real
profit_00465,43,1123,7887,131,11,0.7,60.21,0,1,bot
fast_04553,357,4673,7169,7,24,0.84,1024.14,6,1,bot
viral_55819,26,4530,5717,142,10,1.93,40.26,0,1,bot
kavita_food0,29734,562,3875,937,3,115.42,4.14,113,0,real
ajay_photo24,23927,1070,4404,2907,1,292.85,1.51,44,0,real
sanjay_teach,30084,1116,2520,2052,5,258.09,1.23,98,0,real
alert_202529,311,1582,7010,43,9,1.87,163.02,0,1,bot
fake_22393,112,2717,8714,42,15,1.26,207.48,0,1,bot
neha_hike83,73361,941,4022,480,6,73.3,8.38,32,0,real
news_2024567,257,1268,573,111,21,1.27,5.16,0,1,bot
sanjay_food,3331,1020,4163,724,3,120.26,5.75,51,0,real
mass_0441,346,2717,9662,27,24,0.63,357.85,0,1,bot
clone_88138,237,2208,8600,28,19,0.46,307.14,6,1,bot
viral_2024525,385,3350,5531,127,21,0.71,43.55,0,1,bot
rich_77739,130,4293,9198,76,21,1.71,121.03,0,1,bot
sarah_film,21498,361,3421,3906,0,162.03,0.88,124,0,real
invest_11620,185,3939,3435,60,16,1.01,57.25,0,1,bot
anita_blog30,46902,1156,651,1611,5,44.68,0.4,83,0,real
john_hike,78189,122,934,2904,2,220.91,0.32,156,0,real
crypto_02788,324,1894,1840,117,22,1.43,15.73,0,1,bot
anita_cycle9,69326,429,4084,1695,1,250.56,2.41,141,0,real
mass_55175,322,1323,6367,51,15,1.0,124.84,0,1,bot
rohit_music74,16652,295,2635,2187,6,48.66,1.2,125,0,real
alert_x423,165,1637,272,73,8,1.05,3.73,0,1,bot
quick_2024582,367,1380,7772,40,11,0.91,194.3,26,1,bot
sarah_hike,46209,803,1606,2821,2,133.77,0.57,34,0,real
win_2025422,93,4772,1778,94,14,0.31,18.91,0,1,bot
fake_2025329,152,2355,924,68,24,0.45,13.59,25,1,bot
john_create,40950,296,2407,2501,0,107.97,0.96,66,0,real
vikram_hike65,13868,216,3507,2572,5,27.86,1.36,52,0,real
invest_44829,93,2354,7618,35,16,1.44,217.66,0,1,bot
daily_xx991,56,2498,6564,149,8,0.53,44.05,8,1,bot
kavita_hike,55270,104,744,2589,6,46.47,0.29,97,0,real
news_11297,273,4901,1660,75,12,1.93,22.13,30,1,bot
like_11357,295,1018,3960,114,14,0.24,34.74,0,1,bot
ajay_create,53604,1172,3090,2197,5,95.54,1.41,120,0,real
daily_2254,200,4580,9185,130,11,1.42,70.65,0,1,bot
win_77517,240,2679,2800,90,16,0.41,31.11,6,1,bot
arjun_dev61,28653,1189,3367,2912,0,175.97,1.16,40,0,real
earn_xx136,113,1067,8664,34,24,1.37,254.82,0,1,bot
anita_dev12,29141,430,2643,2172,0,215.64,1.22,146,0,real
auto_xxx238,319,2395,9858,26,20,1.94,379.15,0,1,bot
free_2024760,236,4291,4828,113,13,1.61,42.73,18,1,bot
earn_02390,97,4146,5591,18,12,0.32,310.61,0,1,bot
mike_create,132,1023,2668,975,0,269.31,2.74,33,0,real
signal_00255,378,4751,5341,113,16,1.65,47.27,0,1,bot
lucky_11587,183,2856,3968,8,25,1.69,496.0,0,1,bot
vivek_sports,11037,500,1056,867,2,85.73,1.22,71,0,real
profit_66485,225,1723,8285,9,12,1.99,920.56,0,1,bot
raj_film47,20983,1027,2843,320,0,143.89,8.88,120,0,real
ashok_film16,47467,788,4844,1656,4,183.39,2.93,80,0,real
amit_run,21621,916,2536,1438,6,175.29,1.76,46,0,real
rich_x466,374,1600,7074,32,21,0.16,221.06,6,1,bot
mass_44833,85,2345,9864,66,8,0.55,149.45,0,1,bot
ravi_travel,65879,868,3205,3430,1,37.37,0.93,47,0,real
bot_00664,94,3773,4096,34,24,0.35,120.47,0,1,bot
john_cycle,17108,898,2270,3503,2,141.42,0.65,101,0,real
amit_create,67175,1110,1268,394,1,260.73,3.22,49,0,real
daily_88650,221,4465,4473,59,17,1.29,75.81,0,1,bot
anita_blog,65909,678,1041,3972,5,152.24,0.26,136,0,real
mahesh_blog53,37309,97,4578,3433,5,149.77,1.33,80,0,real
daily_03799,123,4510,3788,61,14,0.54,62.1,0,1,bot
lucky_33664,263,4812,8738,46,24,0.17,189.96,19,1,bot
promo_02296,268,2582,7478,25,25,0.56,299.12,0,1,bot
alert_xxx748,135,1237,1512,68,21,0.23,22.24,0,1,bot
lucky_bot795,385,2552,3139,136,8,1.24,23.08,0,1,bot
sanjay_food50,72570,582,1322,3753,2,65.11,0.35,43,0,real
bot_xx700,191,1707,3617,116,13,0.55,31.18,0,1,bot
vijay_write,59612,745,4343,2953,6,209.31,1.47,130,0,real
sarah_coder,44312,604,1640,913,0,151.71,1.8,60,0,real
ramesh_design,36205,256,1875,2479,4,211.36,0.76,123,0,real
sanjay_cook53,40471,76,1319,2309,2,190.99,0.57,129,0,real
vijay_cook71,25577,728,1061,1695,2,235.57,0.63,78,0,real
signal_03835,167,2549,4925,51,12,0.36,96.57,5,1,bot
trend_99852,88,3122,5082,38,13,0.32,133.74,0,1,bot
retweet_11741,140,2621,149,12,14,1.16,12.42,6,1,bot
sunil_music,20867,1109,3603,1603,1,34.38,2.25,52,0,real
trade_02536,257,3247,2415,73,8,0.75,33.08,0,1,bot
spam_11537,286,2307,9355,17,12,0.65,550.29,0,1,bot
rich_22880,285,4650,3318,42,16,1.47,79.0,0,1,bot
arjun_cook69,33331,1046,3004,1354,3,9.0,2.22,110,0,real
viral_01476,374,2318,6225,52,24,1.39,119.71,27,1,bot
like_11486,396,4971,9499,81,12,1.6,117.27,28,1,bot
vivek_write78,9766,142,2927,741,3,273.65,3.95,135,0,real
ramesh_food,47377,538,4772,3429,5,214.25,1.39,127,0,real
vinod_cycle91,79657,297,4395,2500,5,12.0,1.76,143,0,real
follow_xxx161,179,1414,3467,20,14,0.82,173.35,0,1,bot
free_00447,207,1473,9546,137,14,0.51,69.68,27,1,bot
trend_11349,272,4288,4322,36,25,1.63,120.06,0,1,bot
retweet_03980,265,1551,171,136,24,1.47,1.26,22,1,bot
viral_33468,206,1592,3222,148,24,1.49,21.77,0,1,bot
sarah_travel88,46965,1081,3856,1583,2,131.16,2.44,127,0,real
cash_0594,119,1004,7912,31,10,0.27,255.23,12,1,bot
alert_55739,227,2003,2990,57,15,0.61,52.46,23,1,bot
follow_33457,177,1378,1001,98,14,1.17,10.21,0,1,bot
fake_05416,393,3101,2721,100,8,0.29,27.21,24,1,bot
signal_00445,312,4652,2540,63,8,0.84,40.32,0,1,bot
vivek_teach37,64354,1043,3232,3036,4,110.35,1.06,143,0,real
sarah_dev,36771,1045,662,1982,1,274.05,0.33,153,0,real
quick_00136,301,4525,6995,106,19,1.09,65.99,10,1,bot
crypto_77811,90,4185,356,103,23,0.16,3.46,0,1,bot
win_05747,205,2533,7448,114,20,0.75,65.33,0,1,bot
anita_create42,37089,540,1353,414,4,36.41,3.27,74,0,real
invest_00660,222,3133,4826,17,8,0.46,283.88,0,1,bot
win_44169,126,1078,3775,110,12,0.42,34.32,0,1,bot
follow_11888,218,4688,6054,23,10,0.79,263.22,0,1,bot
arun_music64,44849,1121,3685,2414,6,43.7,1.53,94,0,real
jane_travel83,73827,229,2123,960,6,227.16,2.21,41,0,real
mass_05958,138,4442,4149,92,11,0.95,45.1,0,1,bot
ajay_create,24323,94,1180,899,6,224.66,1.31,81,0,real
fake_2025899,241,2522,5058,67,14,1.05,75.49,0,1,bot
profit_11612,13,4263,9081,66,19,0.38,137.59,22,1,bot
win_33932,316,2160,9008,28,21,0.52,321.71,0,1,bot
vijay_coder,15529,768,2817,2596,3,172.61,1.09,42,0,real
retweet_x197,324,4343,5067,30,15,0.47,168.9,0,1,bot
mahesh_coder39,26540,1179,285,1068,1,84.4,0.27,31,0,real
daily_66873,199,1255,9092,82,9,0.0,110.88,0,1,bot
alert_00618,170,2962,3010,58,20,1.94,51.9,14,1,bot
kavita_photo,55898,418,1254,2978,2,96.77,0.42,143,0,real
neha_travel,51015,407,2127,3294,1,113.58,0.65,25,0,real
crypto_2025841,92,4447,2894,78,8,1.21,37.1,0,1,bot
trend_x408,152,3660,4189,87,11,0.05,48.15,10,1,bot
trade_11584,180,1208,229,107,11,1.26,2.14,27,1,bot
anita_cook76,20860,60,4294,2538,5,80.08,1.69,51,0,real
win_66298,375,2178,1394,17,19,1.85,82.0,0,1,bot
quick_2024305,301,2250,1086,116,11,1.9,9.36,0,1,bot
dm_00111,334,1190,9747,113,11,1.54,86.26,19,1,bot
cash_00682,88,2533,7870,72,10,0.18,109.31,0,1,bot
clone_xxx298,45,1773,7893,116,19,0.36,68.04,26,1,bot
follow_03944,73,2798,7779,80,17,1.4,97.24,13,1,bot
sanjay_film51,1055,439,3501,356,5,162.63,9.83,108,0,real
kavita_dance37,62120,115,2925,1196,1,244.45,2.45,118,0,real
fake_33689,111,1920,2514,86,8,0.09,29.23,0,1,bot
crypto_22143,297,4051,8930,70,16,1.49,127.57,18,1,bot
spam_02972,357,3564,7099,51,25,0.99,139.2,16,1,bot
mass_0017,36,2086,2176,51,21,1.05,42.67,0,1,bot
pump_bot497,46,1475,3955,138,22,1.19,28.66,15,1,bot
auto_11887,231,1963,9769,14,20,1.25,697.79,27,1,bot
clone_xx529,159,1777,7301,19,20,1.77,384.26,0,1,bot
retweet_22719,335,3495,2903,25,25,1.46,116.12,10,1,bot
neha_teach,17528,618,2235,906,6,238.23,2.47,83,0,real
anita_teach,72400,1081,2223,3165,0,156.42,0.7,73,0,real
daily_55338,263,3841,4822,112,20,1.63,43.05,0,1,bot
signal_77817,95,3965,821,49,21,1.03,16.76,0,1,bot
trend_2025357,234,1399,7512,128,18,0.13,58.69,0,1,bot
mohan_photo47,52159,386,1763,2385,1,163.19,0.74,92,0,real
dm_x223,130,2821,6042,120,11,1.96,50.35,0,1,bot
viral_33280,24,2989,6471,118,18,1.34,54.84,30,1,bot
vikram_run80,51943,713,1478,2078,2,185.86,0.71,28,0,real
dm_0398,32,3861,4027,107,13,0.55,37.64,0,1,bot
pooja_photo,71643,994,1522,2873,3,235.81,0.53,131,0,real
clone_33178,374,4028,9507,26,23,0.23,365.65,24,1,bot
mohan_design80,45805,530,3986,2691,4,198.8,1.48,66,0,real
neha_run,59011,636,1305,2200,6,57.4,0.59,93,0,real
quick_2024293,384,3853,9205,115,23,0.31,80.04,0,1,bot
arun_sports,41634,783,3420,2303,1,67.05,1.49,43,0,real
earn_55722,192,3524,5219,121,18,1.63,43.13,0,1,bot
invest_03643,243,3032,8468,26,19,0.11,325.69,0,1,bot
sarah_read,55550,401,20,2529,1,93.68,0.01,152,0,real
signal_xx521,171,4702,8040,32,25,0.18,251.25,11,1,bot
cash_x58,130,2014,5213,69,10,1.82,75.55,0,1,bot
retweet_0228,372,4862,3534,125,22,1.6,28.27,0,1,bot
crypto_22309,84,3019,1136,75,13,0.87,15.15,0,1,bot
win_2024639,105,2398,3558,74,13,0.16,48.08,0,1,bot
spam_66501,326,2930,850,11,15,1.4,77.27,0,1,bot
fake_22382,332,2477,4121,113,12,1.51,36.47,21,1,bot
news_99762,318,3241,6348,25,10,0.8,253.92,0,1,bot
lucky_55433,37,3511,8570,82,12,0.93,104.51,25,1,bot
trade_02849,46,3648,2619,118,8,0.92,22.19,0,1,bot
quick_03757,238,3699,6158,45,13,0.52,136.84,0,1,bot
ramesh_read68,30302,1154,4368,1785,1,115.47,2.45,45,0,real
trade_66806,197,4589,8797,145,24,1.83,60.67,0,1,bot
cash_02591,29,1137,9408,100,23,1.41,94.08,8,1,bot
sarah_read19,62615,832,4823,397,6,256.35,12.15,94,0,real
alert_02896,238,1688,1995,126,23,1.33,15.83,0,1,bot
clone_04754,134,2008,1273,141,16,1.55,9.03,0,1,bot
crypto_2025317,198,2192,232,94,24,1.17,2.47,0,1,bot
amit_blog20,51942,1147,1898,3733,2,241.38,0.51,115,0,real
cash_2024910,183,2694,7530,65,20,0.83,115.85,0,1,bot
pump_xx988,56,4294,2481,8,23,1.85,310.12,0,1,bot
news_x788,295,4154,4482,18,12,1.71,249.0,0,1,bot
follow_02336,42,3652,7706,63,17,1.3,122.32,0,1,bot
profit_33142,219,2693,7616,116,24,1.59,65.66,0,1,bot
follow_11429,63,1664,7543,91,9,0.99,82.89,0,1,bot
earn_22679,65,4540,412,99,17,1.73,4.16,25,1,bot
pump_02199,311,1267,2201,51,10,0.25,43.16,0,1,bot
follow_bot783,31,4923,8001,145,19,1.24,55.18,0,1,bot
quick_2025991,183,4057,1986,82,22,1.93,24.22,0,1,bot
crypto_66581,64,4788,9319,32,11,1.57,291.22,0,1,bot
ganesh_cycle,66143,1122,199,2016,1,181.75,0.1,53,0,real
crypto_bot196,18,4342,3183,35,8,0.42,90.94,0,1,bot
invest_2025541,208,3445,6531,87,11,0.7,75.07,0,1,bot
like_x257,350,2523,2811,28,9,0.79,100.39,0,1,bot
cash_xx462,171,2773,376,110,20,1.35,3.42,0,1,bot
john_write21,12023,1016,3053,2631,0,224.17,1.16,119,0,real
like_x925,131,3190,7348,38,20,0.02,193.37,0,1,bot
earn_33168,203,4393,3714,106,16,0.16,35.04,0,1,bot
free_44819,33,2695,5568,113,19,1.12,49.27,0,1,bot
invest_bot713,21,3408,5285,127,20,1.14,41.61,0,1,bot
trend_9947,375,1561,5556,16,23,1.04,347.25,0,1,bot
earn_2268,300,4740,5255,61,14,1.31,86.15,17,1,bot
signal_x229,179,2722,6189,85,16,1.17,72.81,0,1,bot
mahesh_hike,22558,182,201,2086,4,137.3,0.1,34,0,real
profit_01608,70,2921,4245,22,9,0.13,192.95,0,1,bot
trend_2024541,298,1319,1938,99,9,1.66,19.58,0,1,bot
earn_03776,344,2933,8499,10,12,1.73,849.9,0,1,bot
john_cook,32258,498,1870,3147,3,196.13,0.59,75,0,real
mike_travel,68703,1019,4661,3732,6,73.57,1.25,146,0,real
promo_55858,362,4067,1580,73,17,0.05,21.64,0,1,bot
pooja_create31,49151,150,4716,3143,3,68.49,1.5,131,0,real
pooja_photo30,65642,1110,2577,3794,3,187.5,0.68,159,0,real
vikram_design44,7496,460,3225,2192,3,50.16,1.47,94,0,real
sunil_cycle,23253,874,4886,1075,2,161.22,4.55,146,0,real
sarah_dev,49824,1018,3926,1860,1,231.31,2.11,112,0,real
clone_202452,251,1118,926,40,11,0.77,23.15,7,1,bot
viral_03682,290,4448,7395,142,22,0.61,52.08,0,1,bot
neha_dance,34932,938,871,2721,6,248.75,0.32,144,0,real
daily_22599,226,3606,7310,134,23,1.46,54.55,0,1,bot
anita_hike,27708,1071,4380,3799,5,55.15,1.15,119,0,real
clone_22557,344,2933,2535,145,19,0.78,17.48,0,1,bot
earn_77217,357,2877,8891,140,12,1.48,63.51,0,1,bot
trade_01117,66,2760,4740,95,23,1.05,49.89,0,1,bot
fast_xx968,21,1084,9250,64,15,1.81,144.53,0,1,bot
pump_1130,75,1910,2432,37,15,0.61,65.73,0,1,bot
ramesh_teach,72198,871,3366,951,2,226.63,3.54,127,0,real
fake_77169,366,1458,2524,77,23,0.3,32.78,0,1,bot
spam_04635,161,3651,8273,69,21,1.77,119.9,0,1,bot
trade_99803,367,3112,3895,137,13,1.35,28.43,0,1,bot
kavita_write,72501,585,1600,1718,3,88.08,0.93,41,0,real
fake_2024968,163,3406,7051,95,16,0.91,74.22,0,1,bot
bot_77790,374,3639,6397,30,20,1.41,213.23,0,1,bot
priya_film60,32788,625,948,3166,5,283.89,0.3,133,0,real
news_99131,153,4570,6007,134,21,0.57,44.83,0,1,bot
spam_22505,110,1029,6589,60,11,1.74,109.82,23,1,bot
clone_05195,287,4827,6572,60,21,0.24,109.53,0,1,bot
kavita_read79,42260,397,3054,3251,0,47.33,0.94,46,0,real
retweet_2025357,46,2601,8748,107,17,0.56,81.76,11,1,bot
crypto_88178,114,4404,3971,147,24,0.16,27.01,28,1,bot
fake_77106,163,2505,2346,87,20,1.55,26.97,0,1,bot
spam_33520,37,4517,7015,150,19,0.39,46.77,0,1,bot
pump_202476,20,2207,5321,15,16,1.9,354.73,0,1,bot
follow_66696,199,4886,6195,122,22,1.53,50.78,0,1,bot
invest_88318,114,3094,2645,27,25,0.65,97.96,0,1,bot
daily_x619,32,4305,7627,74,25,0.25,103.07,0,1,bot
like_bot162,214,2130,5885,29,20,0.81,202.93,0,1,bot
bot_03568,122,3410,217,65,10,1.42,3.34,0,1,bot
trade_bot452,87,2715,6865,87,14,0.82,78.91,29,1,bot
jane_design48,17295,870,2231,2984,6,30.05,0.75,38,0,real
pump_05299,69,2939,5152,27,20,0.94,190.81,0,1,bot
rajesh_cycle3,3264,420,2714,1184,0,91.22,2.29,125,0,real
alert_00123,392,3037,7155,8,13,0.26,894.38,0,1,bot
cash_99577,84,4036,365,63,16,1.11,5.79,23,1,bot
news_33483,353,3483,9901,97,9,0.01,102.07,21,1,bot
ramesh_hike24,56585,199,2288,3379,3,138.13,0.68,58,0,real
auto_00350,301,3967,577,108,13,0.39,5.34,15,1,bot
mass_04685,24,2377,8198,104,18,0.36,78.83,0,1,bot
mike_music,73827,836,3216,2386,3,184.13,1.35,72,0,real
viral_xxx414,125,3212,154,24,20,1.91,6.42,29,1,bot
fake_33202,169,2348,1129,49,11,0.06,23.04,0,1,bot
retweet_55424,366,4667,8111,149,20,1.08,54.44,0,1,bot
rajesh_sports0,79419,761,3043,2956,2,29.56,1.03,160,0,real
anita_dev55,1672,963,742,627,2,178.5,1.18,112,0,real
raj_travel,51380,546,1326,956,5,128.61,1.39,69,0,real
alert_11683,203,3925,8614,42,15,0.21,205.1,0,1,bot
anita_dev84,62598,201,4885,2682,6,51.66,1.82,57,0,real
dm_xxx349,120,1636,5614,78,11,0.19,71.97,0,1,bot
suresh_coder,35634,652,4300,2083,2,186.45,2.06,115,0,real
rohit_dance82,19850,455,3389,1946,2,143.23,1.74,53,0,real
lucky_04377,244,1771,1530,23,10,0.78,66.52,0,1,bot
profit_55864,52,1185,6919,107,17,0.63,64.66,28,1,bot
ashok_design,66776,1180,1403,1147,0,181.53,1.22,30,0,real
fake_8856,138,4253,9243,52,10,1.15,177.75,0,1,bot
invest_02306,162,4856,4835,64,14,1.38,75.55,0,1,bot
ashok_write17,32870,458,1131,3098,3,168.51,0.37,97,0,real
win_44903,28,1345,8905,84,18,0.78,106.01,0,1,bot
alert_xxx993,77,4816,7864,145,19,0.84,54.23,0,1,bot
amit_film92,34241,824,443,3494,2,29.47,0.13,56,0,real
sunil_film41,53446,760,1445,3311,4,123.52,0.44,139,0,real
ramesh_music,48760,468,4274,2443,4,79.12,1.75,138,0,real
alert_xx102,221,1583,5411,88,16,0.75,61.49,0,1,bot
signal_01804,350,3838,869,80,20,0.78,10.86,0,1,bot
sarah_hike,38255,1047,1860,989,4,35.4,1.88,112,0,real
invest_44780,91,3360,8121,50,10,0.26,162.42,18,1,bot
trend_44502,208,4626,7905,121,16,1.13,65.33,0,1,bot
sunil_hike58,15820,274,3660,1508,3,150.51,2.43,42,0,real
retweet_66341,399,3602,5309,51,23,0.14,104.1,5,1,bot
win_05188,395,3452,2838,31,25,0.65,91.55,0,1,bot
ramesh_cook,40549,240,89,1588,2,226.75,0.06,121,0,real
free_99528,36,4637,1918,100,20,0.73,19.18,0,1,bot
fast_3376,258,3396,990,127,21,0.29,7.8,24,1,bot
quick_04874,160,1537,6495,126,21,1.67,51.55,0,1,bot
rich_01997,370,2466,6813,58,17,0.32,117.47,22,1,bot
dm_02648,117,1822,4860,62,19,1.84,78.39,0,1,bot
auto_22626,71,1768,6537,57,14,0.91,114.68,0,1,bot
profit_88321,367,2756,6943,55,14,0.88,126.24,0,1,bot
raj_create75,16941,618,3477,1770,0,167.21,1.96,86,0,real
viral_22596,308,3613,699,109,14,0.44,6.41,11,1,bot
arjun_music,20508,839,4426,3719,4,67.15,1.19,131,0,real
signal_88155,121,3021,5701,10,21,0.62,570.1,30,1,bot
pump_77692,26,1727,9985,148,23,0.05,67.47,0,1,bot
invest_2025117,261,2641,1313,23,9,0.3,57.09,0,1,bot
vikram_run21,55703,810,1615,523,2,36.98,3.09,39,0,real
kavita_teach,71075,890,1879,2183,3,41.88,0.86,110,0,real
news_bot778,387,4477,5138,103,11,0.41,49.88,12,1,bot
signal_4469,27,3432,7414,32,9,0.49,231.69,6,1,bot
free_xx816,334,2208,2460,146,17,1.35,16.85,0,1,bot
signal_2024654,140,2882,253,72,22,1.8,3.51,0,1,bot
anita_coder35,76707,922,2524,1464,2,189.23,1.72,123,0,real
trend_01625,200,2490,4734,47,20,0.82,100.72,0,1,bot
spam_0223,62,4982,4722,54,16,0.25,87.44,0,1,bot
pooja_film48,51695,1067,3073,370,6,166.24,8.31,47,0,real
bot_2025686,370,1662,7624,85,8,1.95,89.69,0,1,bot
invest_5532,241,4500,9208,110,25,0.5,83.71,0,1,bot
like_04112,160,1326,1504,49,20,0.25,30.69,0,1,bot
mike_teach18,60224,758,3263,3582,1,140.87,0.91,57,0,real
daily_bot251,196,2932,6374,18,12,0.36,354.11,6,1,bot
ganesh_food,18364,789,2434,1730,3,47.52,1.41,127,0,real
lucky_00346,395,2139,7006,104,16,1.67,67.37,0,1,bot
alert_88959,117,2218,2725,67,22,1.26,40.67,30,1,bot
like_2025489,157,4096,5362,58,17,1.29,92.45,0,1,bot
trade_55621,222,1413,8189,132,17,0.47,62.04,0,1,bot
like_01263,256,2724,7384,97,13,0.49,76.12,0,1,bot
ashok_write49,48830,517,3312,3685,0,51.0,0.9,83,0,real
viral_66200,297,4947,8381,105,23,0.82,79.82,20,1,bot
like_03940,44,2300,9231,47,25,1.9,196.4,0,1,bot
pump_77254,283,2091,1016,68,15,1.15,14.94,30,1,bot
jane_hike,9343,506,957,3124,0,51.88,0.31,145,0,real
sarah_photo,75599,353,4068,2368,5,265.03,1.72,70,0,real
mass_xxx588,337,3906,6943,110,17,0.23,63.12,0,1,bot
like_05804,233,4957,3923,150,15,0.52,26.15,0,1,bot
anil_run,6860,855,4753,2939,3,43.02,1.62,119,0,real
news_77761,400,4894,3133,144,14,0.43,21.76,0,1,bot
vinod_coder32,46286,754,2057,1768,2,136.57,1.16,32,0,real
ravi_film85,10280,558,898,3811,0,256.54,0.24,32,0,real
amit_travel28,26141,84,2919,3478,4,182.28,0.84,58,0,real
quick_xx291,159,1954,8691,59,10,0.91,147.31,0,1,bot
free_55861,75,4766,8851,126,8,1.81,70.25,0,1,bot
earn_x13,189,2412,5147,79,22,1.75,65.15,0,1,bot
crypto_33678,390,4852,1411,71,14,0.33,19.87,0,1,bot
retweet_00245,77,2621,5015,74,22,0.63,67.77,0,1,bot
auto_2024113,263,1556,6018,140,17,1.11,42.99,0,1,bot
news_77750,30,4687,2384,129,25,0.23,18.48,5,1,bot
mike_dev,30433,677,1836,2450,2,130.69,0.75,35,0,real
win_xxx981,394,4159,5811,72,24,1.42,80.71,0,1,bot
anita_coder42,14146,774,62,1522,2,267.61,0.04,67,0,real
profit_01327,86,2672,5013,113,20,0.37,44.36,22,1,bot
auto_22145,366,1688,6160,113,25,0.33,54.51,0,1,bot
mass_02701,80,4533,5162,58,24,1.82,89.0,0,1,bot
quick_xxx631,121,4522,1520,120,11,0.28,12.67,8,1,bot
ramesh_cycle42,62438,846,4588,2517,0,106.17,1.82,101,0,real
trade_00236,126,2335,1706,35,15,1.48,48.74,11,1,bot
cash_77524,68,2157,1841,37,23,0.4,49.76,0,1,bot
viral_11657,29,2674,2139,25,20,1.86,85.56,0,1,bot
bot_bot713,71,4346,7019,94,12,0.96,74.67,12,1,bot
rich_x861,157,1631,2156,113,12,0.02,19.08,0,1,bot
retweet_11305,35,1392,6537,67,25,1.68,97.57,0,1,bot
dm_99667,227,4795,4143,105,15,0.96,39.46,0,1,bot
spam_66875,305,3732,9984,15,17,0.66,665.6,0,1,bot
ganesh_dance,41139,483,4204,2794,5,235.36,1.5,150,0,real
auto_99965,96,1207,9502,125,21,1.64,76.02,17,1,bot
rajesh_sports94,7090,685,3127,843,5,89.69,3.71,91,0,real
fast_33379,234,1646,9000,79,17,1.22,113.92,0,1,bot
bot_04905,313,2841,7137,57,20,0.01,125.21,0,1,bot
suresh_travel,22746,939,1257,357,4,284.08,3.52,75,0,real
viral_55783,213,2147,3738,137,12,0.11,27.28,30,1,bot
daily_66458,186,2983,5546,144,25,1.53,38.51,17,1,bot
trend_05655,187,2268,7991,143,25,0.45,55.88,7,1,bot
auto_66332,373,4480,5081,20,22,1.31,254.05,0,1,bot
retweet_66386,96,3783,1022,116,11,0.71,8.81,0,1,bot
profit_88350,253,3735,7757,55,18,1.7,141.04,0,1,bot
quick_11590,376,2624,3349,103,10,1.18,32.51,0,1,bot
anil_photo,34272,1169,4580,1642,4,246.11,2.79,25,0,real
invest_11979,344,1508,4813,127,21,0.36,37.9,0,1,bot
signal_xxx501,133,4105,7900,149,23,0.9,53.02,0,1,bot
amit_run,59385,993,3656,2011,3,141.74,1.82,106,0,real
crypto_x358,330,4134,5691,13,20,0.19,437.77,0,1,bot
lucky_2025514,72,4397,7803,141,25,1.36,55.34,0,1,bot
rich_xx282,361,3318,903,9,23,1.67,100.33,0,1,bot
kavita_music,48814,490,3067,597,1,234.96,5.14,51,0,real
news_55798,180,2997,2997,27,18,1.27,111.0,5,1,bot
free_05107,32,1546,5872,92,25,0.68,63.83,0,1,bot
kavita_dev,64275,298,3790,463,2,19.77,8.19,114,0,real
rajesh_read94,4404,794,3284,1129,5,34.16,2.91,104,0,real
profit_xxx822,91,2092,1871,70,20,1.74,26.73,0,1,bot
clone_bot41,281,4777,5095,70,18,0.98,72.79,0,1,bot
follow_66948,93,4541,3000,67,21,0.05,44.78,0,1,bot
cash_05994,250,1306,4442,46,18,1.25,96.57,0,1,bot
mahesh_dev69,43020,191,2603,1727,1,199.16,1.51,71,0,real
invest_2025510,78,3573,586,66,11,1.48,8.88,7,1,bot
cash_44356,164,3668,8368,26,17,0.87,321.85,0,1,bot
retweet_02702,250,3343,7897,145,25,1.71,54.46,0,1,bot
neha_music64,79268,277,2733,2927,6,276.45,0.93,60,0,real
pump_xx165,57,3240,5636,26,23,1.41,216.77,0,1,bot
rohit_coder61,28342,363,553,559,3,205.02,0.99,27,0,real
sarah_coder,36533,603,4838,438,3,93.62,11.05,41,0,real
sanjay_cycle,14659,559,1818,504,0,20.68,3.61,29,0,real
priya_blog24,68314,623,212,2402,3,98.98,0.09,62,0,real
dm_2024360,382,1173,5876,121,21,0.55,48.56,0,1,bot
follow_01271,361,3966,5714,49,22,1.19,116.61,0,1,bot
dm_05719,122,2718,7459,146,16,1.62,51.09,0,1,bot
news_2025119,243,2161,9936,105,17,1.37,94.63,0,1,bot
follow_x884,122,3078,7705,145,14,0.55,53.14,0,1,bot
ramesh_teach67,19312,392,789,2360,0,94.86,0.33,105,0,real
sunil_travel89,54039,1012,2783,1526,3,235.51,1.82,23,0,real
vikram_cycle,1887,559,315,3303,6,10.91,0.1,154,0,real
trend_99752,165,4417,1376,25,14,1.92,55.04,0,1,bot
sarah_teach41,23533,591,3655,3724,3,10.09,0.98,22,0,real
dm_33478,256,1979,5531,61,20,0.41,90.67,0,1,bot
raj_run59,60422,1110,465,3607,0,21.13,0.13,47,0,real
rohit_film,26522,377,4997,1890,2,103.67,2.64,103,0,real
retweet_77406,347,3140,1492,119,11,0.29,12.54,0,1,bot
ajay_cycle,72397,981,3141,3482,0,62.69,0.9,140,0,real
john_dev,46852,691,1683,668,5,49.43,2.52,74,0,real
vikram_travel10,22284,1198,1721,690,6,282.92,2.49,83,0,real
lucky_11797,280,3059,6959,104,13,1.63,66.91,0,1,bot
vivek_dev,8269,725,1950,2540,3,26.51,0.77,29,0,real
alert_2025713,371,4108,7785,42,22,1.23,185.36,0,1,bot
spam_22387,47,4578,3182,17,25,0.43,187.18,0,1,bot
rich_11941,78,3752,5231,28,11,0.48,186.82,0,1,bot
sunil_teach88,41402,398,588,1277,1,60.27,0.46,136,0,real
trade_0234,241,4334,1779,98,25,1.73,18.15,28,1,bot
follow_99112,257,1359,4805,142,21,1.22,33.84,0,1,bot
raj_run,8922,1029,947,3563,4,131.1,0.27,91,0,real
rohit_music,51588,625,862,3765,4,238.98,0.23,99,0,real
raj_hike95,2274,542,3795,751,1,83.69,5.05,141,0,real
ravi_create73,68969,1088,2143,3202,1,210.84,0.67,109,0,real
earn_44134,231,2268,7878,59,13,1.21,133.53,0,1,bot
like_6671,14,3307,2788,142,22,0.7,19.63,0,1,bot
spam_xx283,72,4965,7550,55,10,1.33,137.27,0,1,bot
ravi_film4,20179,109,1469,1813,6,256.03,0.81,41,0,real
lucky_11475,71,4491,1581,74,13,1.62,21.36,0,1,bot
bot_2024637,285,1300,3592,32,24,0.53,112.25,0,1,bot
ashok_music79,70986,361,3493,1226,6,64.65,2.85,32,0,real
pooja_music41,6971,303,2694,369,4,145.74,7.3,56,0,real
pump_22233,157,2523,875,130,12,0.71,6.73,0,1,bot
clone_9914,327,1831,7359,71,15,1.82,103.65,0,1,bot
cash_7798,80,1039,2893,18,18,0.72,160.72,0,1,bot
win_11610,293,1625,2978,144,16,0.76,20.68,14,1,bot
like_44279,194,1327,6624,130,20,0.34,50.95,19,1,bot
win_8818,144,1056,3634,24,9,1.85,151.42,30,1,bot
free_44144,22,1790,9814,16,15,0.98,613.38,0,1,bot
priya_dance,50985,506,3806,598,5,32.58,6.36,139,0,real
rich_2024906,23,4811,6897,96,9,0.79,71.84,0,1,bot
earn_33262,341,2352,1395,59,22,1.69,23.64,0,1,bot
invest_88161,292,1711,1329,68,13,0.01,19.54,19,1,bot
promo_22600,267,4148,366,27,11,1.48,13.56,0,1,bot
win_88677,262,4143,7735,140,14,0.59,55.25,20,1,bot
profit_99641,208,4599,582,72,25,1.9,8.08,0,1,bot
clone_01383,94,1187,8167,34,12,1.64,240.21,28,1,bot
viral_66211,225,2233,1754,9,24,0.54,194.89,0,1,bot
auto_x586,277,1164,2611,81,11,0.74,32.23,0,1,bot
jane_food,70603,615,3046,1703,3,277.46,1.79,48,0,real
john_art,13880,334,2664,342,6,207.84,7.79,131,0,real
suresh_sports35,47781,343,503,3215,3,77.74,0.16,20,0,real
spam_00763,205,3888,6425,128,12,0.99,50.2,0,1,bot
trend_04903,374,4597,1171,118,11,0.29,9.92,0,1,bot
mahesh_blog74,32541,1050,3891,304,0,18.33,12.8,24,0,real
vinod_read98,11372,367,2237,2596,1,298.79,0.86,70,0,real
retweet_44307,64,4671,5986,106,23,0.17,56.47,25,1,bot
rohit_music,53193,610,689,583,2,262.76,1.18,135,0,real
anil_photo,27472,123,1900,2715,4,149.98,0.7,109,0,real
spam_99378,340,1314,1579,80,24,0.77,19.74,0,1,bot
earn_2025110,302,2562,5981,67,17,1.99,89.27,0,1,bot
dm_5585,232,4462,5527,134,11,1.79,41.25,0,1,bot
earn_xx446,349,1865,2941,146,23,0.28,20.14,22,1,bot
suresh_film36,58807,327,1642,1612,2,283.55,1.02,129,0,real
john_photo,27461,688,4885,2576,0,22.47,1.9,125,0,real
trade_04142,143,4737,239,146,17,0.56,1.64,16,1,bot
arjun_cook96,38804,751,3662,1364,2,237.28,2.68,86,0,real
vijay_design81,27121,1178,3642,2775,1,100.66,1.31,72,0,real
arjun_music22,23746,1054,2330,1073,0,96.5,2.17,65,0,real
anita_teach,61360,974,262,1591,1,189.33,0.16,62,0,real
rohit_music,79349,143,3285,3050,1,205.07,1.08,89,0,real
viral_02989,18,4959,706,122,18,0.11,5.79,0,1,bot
pump_55753,203,1488,765,138,21,0.56,5.54,0,1,bot
jane_blog31,60103,906,1519,3077,3,295.94,0.49,139,0,real
promo_04227,78,4921,7934,63,12,0.91,125.94,0,1,bot
trend_00447,387,2292,8149,49,12,1.11,166.31,26,1,bot
viral_55905,158,3902,3271,66,8,0.24,49.56,0,1,bot
fast_00651,372,4083,7517,73,16,0.49,102.97,0,1,bot
dm_xx457,288,4635,7344,59,19,1.78,124.47,30,1,bot
auto_xxx183,155,3752,9847,48,25,0.35,205.15,0,1,bot
bot_xxx657,175,4497,7186,20,21,0.55,359.3,26,1,bot
earn_11959,332,1649,791,89,25,1.04,8.89,13,1,bot
fake_05513,82,4206,6216,59,25,1.97,105.36,0,1,bot
signal_2025646,334,3801,8934,26,17,1.23,343.62,0,1,bot
alert_4465,128,4570,8613,12,18,0.82,717.75,0,1,bot
quick_2025787,244,4882,5346,44,12,0.01,121.5,0,1,bot
jane_design53,52294,384,4258,1035,6,36.4,4.11,41,0,real
cash_xx795,386,3490,6332,17,18,0.79,372.47,0,1,bot
trade_03487,48,1190,4693,76,25,1.13,61.75,0,1,bot
raj_read,5210,1012,521,3147,4,241.7,0.17,95,0,real
fast_x21,165,4348,5194,93,16,1.69,55.85,0,1,bot
vijay_hike66,75844,542,3935,2461,5,149.58,1.6,91,0,real
earn_x492,258,4200,5736,146,24,0.64,39.29,0,1,bot
crypto_2024514,213,1370,6061,137,24,0.02,44.24,0,1,bot
neha_cook55,13887,166,2315,2027,6,218.6,1.14,90,0,real
promo_22599,336,4368,6186,104,11,1.35,59.48,0,1,bot
suresh_run,65003,599,1705,3306,1,236.79,0.52,108,0,real
signal_xxx743,375,2140,9634,134,16,1.51,71.9,30,1,bot
crypto_05525,303,4648,2506,17,9,0.33,147.41,10,1,bot
ganesh_music,49587,1118,1045,676,5,67.5,1.55,34,0,real
auto_2025610,113,1258,7083,63,18,1.62,112.43,28,1,bot
anil_dev44,66545,208,3655,747,0,155.76,4.89,80,0,real
lucky_x780,77,1418,1530,76,13,0.86,20.13,22,1,bot
fast_99921,359,1860,4188,98,11,0.71,42.73,22,1,bot
sarah_read,79174,74,836,3373,3,118.28,0.25,48,0,real
auto_11871,299,4261,772,37,19,1.07,20.86,0,1,bot
win_66517,240,4119,7457,124,12,1.73,60.14,0,1,bot
news_55471,289,2402,5904,143,16,1.22,41.29,0,1,bot
dm_05152,243,3479,2514,73,16,0.49,34.44,0,1,bot
news_xx673,383,1359,6362,42,24,1.92,151.48,0,1,bot
bot_22942,294,3094,9449,148,12,0.19,63.84,0,1,bot
rajesh_music,32056,366,477,2261,4,209.15,0.21,159,0,real
profit_05663,178,1269,1648,92,25,1.36,17.91,0,1,bot
promo_99837,242,4458,5539,64,25,1.53,86.55,24,1,bot
retweet_bot996,319,2567,5456,52,12,0.61,104.92,0,1,bot
vijay_run70,27265,233,3694,3670,1,39.0,1.01,86,0,real
mahesh_design54,26953,684,2253,3086,3,208.63,0.73,126,0,real
trade_00622,377,2280,5331,43,19,1.95,123.98,0,1,bot
ramesh_cycle55,26071,705,1634,1601,0,241.8,1.02,147,0,real
follow_88395,249,3440,8769,104,16,1.94,84.32,0,1,bot
kavita_cycle,55916,1160,4305,3692,6,104.07,1.17,65,0,real
bot_01948,378,3813,3328,144,19,0.86,23.11,0,1,bot
anil_design97,45626,1197,3018,3795,3,190.81,0.8,50,0,real
quick_00292,288,3626,8690,123,23,1.78,70.65,9,1,bot
rich_00533,47,4864,9929,67,22,1.53,148.19,25,1,bot
clone_99810,284,3873,9829,99,10,0.22,99.28,0,1,bot
trade_66530,39,4685,9930,68,20,1.32,146.03,0,1,bot
sarah_blog10,79333,138,1257,3968,1,131.45,0.32,105,0,real
auto_05853,376,3041,4881,46,24,1.41,106.11,18,1,bot
spam_11969,325,4539,6950,105,15,1.93,66.19,0,1,bot
sunil_travel81,24552,783,1983,2886,5,269.88,0.69,96,0,real
sarah_art,29074,714,542,3204,4,89.91,0.17,137,0,real
cash_xx798,296,3968,4077,28,24,0.34,145.61,0,1,bot
daily_22259,153,3522,4609,40,16,0.03,115.22,0,1,bot
priya_travel10,30452,241,1786,3925,6,206.03,0.46,56,0,real
pump_0552,59,4361,7574,85,13,1.67,89.11,0,1,bot
mass_0364,76,3713,3979,118,17,0.52,33.72,15,1,bot
mike_blog83,65085,1006,3592,1505,4,284.17,2.39,69,0,real
arun_dev38,59990,588,1696,880,0,276.22,1.93,27,0,real
trade_04555,301,4921,8648,20,14,1.5,432.4,0,1,bot
rajesh_music,43588,294,749,2327,0,284.11,0.32,119,0,real
bot_x701,330,2455,5053,97,15,1.99,52.09,0,1,bot
retweet_88715,262,4722,6838,62,25,0.24,110.29,0,1,bot
trend_2024422,99,4842,716,68,13,1.43,10.53,0,1,bot
fast_2025120,340,3550,5781,133,22,1.4,43.47,0,1,bot
clone_2024139,312,1725,9890,145,22,1.26,68.21,25,1,bot
ganesh_film,79470,332,2152,1969,6,89.63,1.09,100,0,real
neha_read5,22189,968,4308,2787,1,56.57,1.55,113,0,real
pooja_photo,62370,964,2793,1592,5,56.69,1.75,97,0,real
viral_2024797,313,3102,1886,99,22,1.01,19.05,0,1,bot
follow_00317,73,3820,4580,135,23,1.26,33.93,11,1,bot
mohan_design,61809,112,4997,534,5,139.07,9.36,64,0,real
arun_travel10,60745,1055,4956,2467,5,83.47,2.01,135,0,real
auto_55925,369,4026,7395,46,23,0.94,160.76,0,1,bot
invest_88592,284,4274,3163,33,19,0.65,95.85,0,1,bot
free_02779,13,1616,6818,69,8,0.47,98.81,0,1,bot
mass_11941,186,3940,1562,118,8,1.22,13.24,21,1,bot
anil_cook29,76248,221,3475,1875,4,175.47,1.85,76,0,real
mahesh_hike99,70226,736,3008,2239,0,236.72,1.34,128,0,real
vinod_art47,74230,1162,2423,821,0,227.82,2.95,120,0,real
trade_00152,137,3912,5928,30,20,1.03,197.6,0,1,bot
free_99862,331,2063,8414,102,19,0.25,82.49,0,1,bot
bot_02896,73,1579,784,149,8,1.15,5.26,0,1,bot
fake_2025308,360,1523,5021,45,15,1.05,111.58,0,1,bot
profit_99281,261,4371,7818,27,21,1.85,289.56,15,1,bot
ramesh_design93,56569,1055,1112,412,3,68.49,2.7,135,0,real
dm_88146,394,4519,4678,141,22,1.03,33.18,0,1,bot
like_03238,380,4025,711,143,13,0.84,4.97,0,1,bot
john_write91,61097,487,4668,1647,6,99.86,2.83,79,0,real
pump_xxx498,215,1875,1060,130,13,0.76,8.15,0,1,bot
fake_05439,246,4550,3077,41,9,0.52,75.05,0,1,bot
bot_xx341,178,4293,7312,104,18,0.86,70.31,0,1,bot
mahesh_art16,62844,864,1022,2782,5,27.66,0.37,84,0,real
daily_22644,365,4990,2059,128,19,1.03,16.09,0,1,bot
signal_77585,71,4821,8651,135,24,0.5,64.08,0,1,bot
neha_food,25289,610,1217,457,3,10.21,2.66,71,0,real
ashok_write,27636,1038,2186,1295,0,102.36,1.69,38,0,real
neha_photo91,13892,628,2066,1954,1,78.95,1.06,97,0,real
ravi_food78,42536,366,1301,1161,1,231.09,1.12,63,0,real
anita_travel64,49168,1121,3116,1587,6,278.19,1.96,63,0,real
signal_xx305,362,1298,1081,123,13,0.88,8.79,20,1,bot
mohan_photo,2348,466,2988,311,4,144.81,9.61,54,0,real
daily_0334,172,3467,3719,53,11,1.87,70.17,0,1,bot
dm_66446,277,4005,4525,52,25,1.55,87.02,19,1,bot
sunil_photo71,69799,280,1316,3497,6,156.48,0.38,42,0,real
trade_2024359,126,4360,3752,85,8,1.32,44.14,0,1,bot
mass_01121,202,1029,3465,140,18,0.82,24.75,0,1,bot
promo_xxx427,126,4562,9968,37,8,1.27,269.41,25,1,bot
fake_05954,127,2267,4153,106,17,0.89,39.18,0,1,bot
pump_xxx505,289,2438,6249,103,11,1.66,60.67,0,1,bot
amit_dance1,27104,831,972,485,2,6.4,2.0,81,0,real
quick_2025817,79,3644,7988,16,12,1.25,499.25,0,1,bot
anil_travel,15865,277,4529,2173,5,92.24,2.08,108,0,real
arjun_art78,59735,756,3945,1324,1,139.0,2.98,112,0,real
john_dev,70116,451,3127,3502,5,206.66,0.89,24,0,real
news_33703,253,3614,5973,143,24,0.6,41.77,0,1,bot
fast_77845,143,3860,8395,48,10,0.7,174.9,0,1,bot
profit_05984,172,3659,2954,131,25,1.39,22.55,0,1,bot
rich_02457,253,4046,7473,47,16,1.5,159.0,0,1,bot
trade_2024217,258,4034,8562,111,19,1.64,77.14,0,1,bot
arun_design92,35133,465,219,2262,5,85.23,0.1,68,0,real
mohan_art,47532,889,672,3905,2,170.33,0.17,39,0,real
sunil_cycle,24145,325,4849,2254,6,281.3,2.15,41,0,real
retweet_03659,331,4539,5279,89,12,0.88,59.31,20,1,bot
alert_xx61,376,1625,3550,92,15,1.4,38.59,0,1,bot
fast_77798,100,1896,8586,115,22,0.1,74.66,0,1,bot
auto_2025764,216,1420,6855,11,9,1.11,623.18,0,1,bot
neha_design,48700,671,1207,3807,2,103.45,0.32,110,0,real
dm_01649,389,4419,4414,77,25,1.14,57.32,17,1,bot
news_04327,325,2609,5002,48,18,1.01,104.21,21,1,bot
arjun_film57,8680,1185,2791,776,1,112.88,3.6,81,0,real
viral_2025909,81,3055,7307,8,13,0.46,913.38,0,1,bot
ramesh_read,25417,1069,4963,708,1,299.22,7.01,106,0,real
trend_02291,271,1380,9140,61,17,1.04,149.84,0,1,bot
retweet_77670,363,1197,1997,12,21,0.89,166.42,0,1,bot
ravi_dev,42473,187,3925,734,4,90.35,5.35,80,0,real
follow_05683,259,3700,357,130,8,1.06,2.75,0,1,bot
clone_0510,187,3739,7401,36,15,1.81,205.58,0,1,bot
cash_02935,285,4102,3678,127,15,1.36,28.96,0,1,bot
sunil_food,3236,933,1387,439,0,44.05,3.16,155,0,real
anita_photo76,72376,215,3942,3328,1,84.8,1.18,30,0,real
alert_bot217,389,4940,2022,55,23,1.83,36.76,0,1,bot
lucky_01611,232,2383,2292,141,18,1.99,16.26,0,1,bot
fast_9948,245,3564,366,32,11,1.86,11.44,10,1,bot
invest_22183,261,1284,3387,119,20,0.36,28.46,0,1,bot
ravi_create12,66076,959,4781,2894,6,14.63,1.65,94,0,real
auto_44450,13,4150,4119,113,23,0.68,36.45,0,1,bot
follow_77792,309,2348,6488,87,15,1.87,74.57,0,1,bot
pooja_food63,61221,351,1250,3107,4,290.17,0.4,61,0,real
vinod_dev84,57905,1115,2616,2448,2,62.53,1.07,95,0,real
like_11816,38,3422,5866,77,24,0.15,76.18,19,1,bot
auto_11503,168,4014,9987,117,12,0.72,85.36,0,1,bot
rich_2025771,206,4155,3998,112,22,1.45,35.7,0,1,bot
jane_cook,23040,894,128,2207,4,269.74,0.06,36,0,real
pump_03867,179,1023,7740,72,12,0.08,107.5,0,1,bot
arjun_cycle,71241,383,3590,2564,3,89.08,1.4,131,0,real
fast_11246,300,1986,1390,21,10,1.46,66.19,0,1,bot
mass_2025219,336,2097,8828,126,21,1.87,70.06,0,1,bot
fast_11510,211,1368,8381,12,22,1.93,698.42,0,1,bot
priya_coder,77901,984,4738,2825,5,133.32,1.68,122,0,real
amit_write87,55998,196,2339,2003,1,12.28,1.17,112,0,real
amit_write92,21627,327,4315,3791,5,249.68,1.14,22,0,real
raj_dance,35856,435,1652,1225,1,293.89,1.35,86,0,real
earn_01768,198,3845,7549,78,23,0.65,96.78,0,1,bot
fake_11727,79,2652,8689,136,8,0.35,63.89,0,1,bot
vikram_create,43525,1036,518,1490,0,223.44,0.35,150,0,real
crypto_02914,339,1047,2671,20,24,1.7,133.55,0,1,bot
trade_00946,278,4000,5184,130,18,0.29,39.88,0,1,bot
spam_99312,59,1475,3946,133,25,0.27,29.67,0,1,bot
viral_66592,222,3571,6246,75,22,0.15,83.28,0,1,bot
ganesh_art98,38119,291,2470,3813,3,91.6,0.65,74,0,real
vivek_blog,8459,352,2923,3193,0,286.65,0.92,90,0,real
cash_02339,242,3878,4538,97,17,0.5,46.78,0,1,bot
profit_0528,345,2087,9577,128,15,1.44,74.82,23,1,bot
trade_55772,232,1432,578,29,13,1.86,19.93,15,1,bot
cash_2025755,28,2191,8087,148,20,0.97,54.64,23,1,bot
earn_04544,268,2858,7148,82,11,1.59,87.17,0,1,bot
clone_22243,323,2930,5721,75,19,0.37,76.28,0,1,bot
amit_blog67,8326,1100,1449,1899,5,49.66,0.76,106,0,real
trade_66385,29,3629,4000,59,22,1.48,67.8,0,1,bot
dm_2025820,95,3657,1952,114,12,1.39,17.12,0,1,bot
promo_2024714,51,2352,2493,15,9,0.53,166.2,0,1,bot
rich_05237,87,3896,249,24,14,1.01,10.38,0,1,bot
trend_44374,133,1605,2565,125,17,1.69,20.52,0,1,bot
anil_run,46629,1021,2573,1879,6,158.99,1.37,155,0,real
ashok_read,72229,292,708,1387,2,132.28,0.51,58,0,real
rich_66946,188,2964,5204,11,19,0.28,473.09,0,1,bot
anita_design,60912,269,3435,3157,6,130.33,1.09,27,0,real
amit_hike,1511,720,980,1428,4,96.79,0.69,46,0,real
promo_bot76,294,1122,1987,98,12,0.58,20.28,0,1,bot
signal_88359,65,4223,120,72,9,0.77,1.67,28,1,bot
trend_04827,342,2166,8815,76,16,0.83,115.99,0,1,bot
fast_77713,160,2037,7750,54,10,1.28,143.52,13,1,bot
trade_66192,318,2483,2038,47,15,0.83,43.36,0,1,bot
fast_xxx170,364,2035,5051,116,24,1.94,43.54,26,1,bot
crypto_88799,380,1307,1759,137,16,1.29,12.84,0,1,bot
lucky_77186,227,2554,3610,97,24,0.46,37.22,0,1,bot
amit_cook,67461,1130,2587,1154,6,283.59,2.24,136,0,real
follow_05308,305,3993,6351,16,10,1.56,396.94,0,1,bot
crypto_77393,166,3411,2836,135,10,1.65,21.01,0,1,bot
ashok_dance,30922,414,3043,3927,2,105.26,0.77,20,0,real
daily_01501,252,3423,7681,62,16,0.03,123.89,0,1,bot
dm_2024990,257,3306,4085,103,18,1.92,39.66,19,1,bot
daily_77445,12,1073,6570,143,11,0.03,45.94,25,1,bot
bot_55814,71,3394,6584,77,15,0.02,85.51,6,1,bot
win_01144,101,1652,9379,121,12,1.47,77.51,0,1,bot
promo_66524,315,2713,2358,106,20,0.85,22.25,0,1,bot
like_7726,124,2003,2386,77,11,1.35,30.99,0,1,bot
sanjay_sports,73203,1054,1728,575,5,57.54,3.01,127,0,real
anil_photo,69209,484,1801,2764,0,170.48,0.65,39,0,real
ravi_dev,20105,526,1147,3406,4,99.24,0.34,119,0,real
bot_77899,307,1731,4449,73,9,0.22,60.95,0,1,bot
cash_05928,91,1827,4568,16,12,0.06,285.5,0,1,bot
rajesh_cycle,64091,438,2096,3751,4,8.08,0.56,121,0,real
viral_02240,371,3799,6490,104,23,0.53,62.4,21,1,bot
alert_88782,240,2117,8510,48,12,1.66,177.29,0,1,bot
sanjay_photo,10513,1151,478,2490,3,172.18,0.19,83,0,real
mahesh_write,70034,463,1278,2242,0,42.71,0.57,127,0,real
alert_202435,77,3999,1576,100,17,0.65,15.76,0,1,bot
bot_77784,44,3019,9912,77,19,1.16,128.73,23,1,bot
quick_01274,227,3978,1393,28,21,1.2,49.75,0,1,bot
news_33805,388,3917,7245,63,16,1.68,115.0,0,1,bot
spam_bot204,99,2163,3687,57,16,1.44,64.68,0,1,bot
neha_music,30596,151,957,2831,5,16.36,0.34,149,0,real
trend_04753,89,4114,7997,117,8,1.52,68.35,0,1,bot
spam_02206,355,1805,5494,92,16,0.61,59.72,0,1,bot
promo_88705,267,1549,7780,129,19,0.37,60.31,17,1,bot
rich_05152,382,2309,1197,73,10,0.78,16.4,0,1,bot
amit_dance38,77859,488,2505,3711,2,141.82,0.68,78,0,real
clone_00278,370,4863,4741,43,15,0.34,110.26,0,1,bot
anita_dance,42353,119,876,2710,5,110.87,0.32,22,0,real
ganesh_create43,77558,587,1793,3692,6,13.07,0.49,131,0,real
win_22226,253,3727,2116,72,12,1.85,29.39,25,1,bot
trade_33141,161,1316,1757,46,24,1.54,38.2,0,1,bot
follow_03653,378,4598,4744,11,10,0.43,431.27,24,1,bot
free_04814,229,2426,7900,27,11,1.47,292.59,0,1,bot
vivek_teach56,41117,1054,4301,872,2,183.82,4.93,150,0,real
pump_x320,300,4181,9868,90,10,1.77,109.64,0,1,bot
fast_00776,19,1780,167,142,15,0.45,1.18,0,1,bot
daily_03390,190,1024,4992,129,20,1.71,38.7,0,1,bot
rajesh_art,75084,73,3958,1621,3,258.02,2.44,68,0,real
cash_x374,240,2145,3047,109,12,1.96,27.95,0,1,bot
vivek_coder,51211,63,174,1503,0,71.44,0.12,129,0,real
anita_travel,74703,75,3431,615,1,230.8,5.58,140,0,real
trend_5530,192,3717,5428,15,23,0.93,361.87,0,1,bot
mass_33334,211,2148,6080,103,11,1.86,59.03,0,1,bot
ramesh_create8,20963,110,1918,484,0,201.25,3.96,147,0,real
rich_2024713,103,3587,2309,129,10,1.43,17.9,0,1,bot
vinod_music,74456,415,4989,341,6,14.28,14.63,107,0,real
neha_dance61,70476,251,438,2201,2,238.05,0.2,38,0,real
priya_run75,66508,894,2358,1515,1,130.82,1.56,108,0,real
ajay_photo16,39189,1109,846,3504,0,152.12,0.24,33,0,real
vivek_blog,51692,664,1244,852,0,297.9,1.46,70,0,real
trend_xxx788,304,4372,1308,111,12,1.94,11.78,0,1,bot
trend_00933,246,2884,9539,132,9,1.47,72.27,14,1,bot
free_04895,51,2365,9647,45,12,1.83,214.38,14,1,bot
rich_01526,50,3636,4628,146,15,0.2,31.7,0,1,bot
rohit_design,31761,899,54,3997,3,14.64,0.01,26,0,real
daily_22533,16,4756,9726,124,24,1.56,78.44,8,1,bot
rich_1122,388,4446,995,15,15,0.51,66.33,0,1,bot
sanjay_cycle,79381,1159,1263,3341,0,222.08,0.38,120,0,real
trend_x398,242,4759,860,127,9,1.96,6.77,0,1,bot
quick_00899,55,1540,5298,126,24,0.87,42.05,0,1,bot
free_01309,25,3635,1096,124,23,1.69,8.84,0,1,bot
vijay_travel72,47741,131,2368,2299,3,125.66,1.03,53,0,real
spam_6669,340,4188,6101,67,19,0.77,91.06,0,1,bot
earn_11455,12,3450,897,20,20,1.53,44.85,0,1,bot
rajesh_run24,9543,343,3513,584,1,139.23,6.02,123,0,real
sanjay_blog,18171,1194,570,3985,3,131.12,0.14,116,0,real
daily_00873,172,2556,8094,143,25,0.07,56.6,0,1,bot
ganesh_art,19416,839,2914,2049,5,89.62,1.42,118,0,real
earn_01656,310,3062,317,66,15,0.04,4.8,0,1,bot
alert_bot726,150,1518,845,143,9,1.11,5.91,0,1,bot
daily_22167,173,1598,7653,21,12,0.71,364.43,0,1,bot
promo_99797,57,4741,7370,58,24,0.05,127.07,0,1,bot
ramesh_blog39,74501,374,2516,3232,3,215.36,0.78,95,0,real
ravi_art,63349,741,3306,1828,2,16.84,1.81,79,0,real
crypto_2025970,145,1676,8745,147,21,1.93,59.49,0,1,bot
lucky_x159,381,1772,1948,77,9,1.62,25.3,0,1,bot
like_01589,83,3943,4872,68,21,0.0,71.65,0,1,bot
invest_xx26,129,2809,4451,52,10,0.72,85.6,0,1,bot
rich_03495,100,4199,9579,137,13,1.46,69.92,0,1,bot
daily_2025175,220,4401,9944,63,12,1.59,157.84,0,1,bot
kavita_music34,57687,948,1345,745,1,109.35,1.81,131,0,real
sanjay_cycle38,47754,601,2318,750,2,214.92,3.09,83,0,real
news_7782,161,3707,5121,90,22,1.21,56.9,0,1,bot
earn_22507,356,3526,5879,103,17,0.64,57.08,0,1,bot
news_bot402,51,2370,9468,56,8,1.98,169.07,12,1,bot
sunil_dance,63937,848,2066,488,2,296.14,4.23,116,0,real
mass_03218,302,3154,3058,8,21,1.84,382.25,12,1,bot
cash_77917,236,1167,5941,133,25,0.97,44.67,0,1,bot
promo_02874,245,1329,4850,94,14,0.35,51.6,6,1,bot
crypto_44110,23,1756,4472,40,15,1.19,111.8,0,1,bot
lucky_66821,281,3734,9257,125,18,1.9,74.06,19,1,bot
lucky_02299,305,3521,7426,106,14,0.41,70.06,0,1,bot
vijay_coder74,14640,261,3781,3850,4,41.19,0.98,56,0,real
profit_6664,164,1224,7175,120,10,0.2,59.79,0,1,bot
amit_hike,76932,61,2562,1098,2,32.76,2.33,114,0,real
anita_food51,21187,75,2633,3591,1,174.53,0.73,118,0,real
crypto_11114,241,3530,4558,123,23,0.38,37.06,0,1,bot
alert_7749,337,2719,7589,68,10,0.22,111.6,0,1,bot
profit_33507,133,1461,8285,105,10,1.06,78.9,0,1,bot
anita_sports24,36003,271,4483,1847,3,296.26,2.43,154,0,real
sarah_read,20671,136,2339,2286,2,12.15,1.02,83,0,real
bot_x568,292,2914,2226,101,10,0.13,22.04,17,1,bot
quick_2025485,229,3475,5614,93,19,1.36,60.37,0,1,bot
ashok_food,13434,509,2328,751,2,27.51,3.1,105,0,real
pooja_cook,2143,653,3738,3575,0,69.11,1.05,51,0,real
vivek_cook,30876,226,3749,761,6,266.5,4.93,89,0,real
clone_bot914,73,3753,5883,120,20,1.65,49.02,16,1,bot
rajesh_cook87,38232,109,2214,1261,4,68.46,1.76,124,0,real
free_05770,26,2219,7468,70,16,0.7,106.69,7,1,bot
lucky_03668,319,2316,7892,55,24,0.3,143.49,6,1,bot
retweet_05241,327,2167,1243,32,14,0.64,38.84,0,1,bot
vijay_teach,44814,559,2275,2479,5,170.57,0.92,99,0,real
news_33211,350,1221,4168,145,15,1.22,28.74,0,1,bot
ajay_cycle,23485,702,1193,1873,0,245.13,0.64,73,0,real
amit_sports94,10074,813,2313,3889,3,197.82,0.59,96,0,real
pump_02658,27,3146,1317,22,9,1.53,59.86,0,1,bot
lucky_xxx908,366,3942,6391,56,23,0.8,114.12,0,1,bot
crypto_99690,238,4977,9850,107,24,0.18,92.06,0,1,bot
news_03130,199,2066,3122,119,14,1.12,26.24,0,1,bot
profit_11546,312,2641,6873,125,15,1.24,54.98,0,1,bot
dm_55319,292,1056,6784,148,10,0.45,45.84,8,1,bot
signal_02245,250,4955,3278,86,19,1.36,38.12,23,1,bot
bot_88655,185,2561,6642,125,14,0.79,53.14,0,1,bot
mike_photo,33909,993,3896,3461,2,230.13,1.13,133,0,real
cash_99193,328,2481,8267,139,22,1.52,59.47,0,1,bot
neha_coder73,12493,610,4876,2264,1,118.27,2.15,131,0,real
rohit_travel,42650,653,489,2804,5,245.7,0.17,111,0,real
arjun_travel,55097,839,220,3374,6,46.13,0.07,101,0,real
clone_2025587,163,2950,1393,67,20,1.81,20.79,0,1,bot
kavita_photo,43814,793,2258,664,1,261.31,3.4,77,0,real
clone_99855,292,3385,2526,101,21,0.25,25.01,0,1,bot
ajay_write,34546,882,4285,3060,5,6.08,1.4,135,0,real
ganesh_hike10,66788,702,949,3599,0,244.17,0.26,47,0,real
vijay_write13,7461,299,1156,2809,1,275.81,0.41,40,0,real
quick_0562,340,2456,2621,22,25,1.58,119.14,9,1,bot
lucky_xxx951,276,4420,5004,21,18,1.11,238.29,0,1,bot
promo_11481,362,1034,8159,143,23,0.6,57.06,29,1,bot
promo_33743,108,2031,657,79,8,1.24,8.32,0,1,bot
trade_bot638,244,1050,8253,71,23,1.09,116.24,5,1,bot
rich_05218,33,2152,2744,137,25,1.13,20.03,0,1,bot
ajay_read,1965,827,550,2282,2,71.32,0.24,72,0,real
mass_xxx192,194,3144,1208,28,24,1.09,43.14,0,1,bot
free_202445,356,2492,3991,112,22,1.22,35.63,29,1,bot
pooja_teach0,26406,1043,959,3599,0,5.01,0.27,50,0,real
mass_xx694,206,2358,2392,145,10,1.0,16.5,0,1,bot
promo_11401,137,2700,3042,51,21,0.92,59.65,0,1,bot
pump_44828,31,1516,7036,56,10,1.98,125.64,0,1,bot
viral_88370,136,4867,8223,71,14,0.92,115.82,0,1,bot
mass_02154,276,2343,7339,49,11,1.36,149.78,27,1,bot
john_design76,23238,1058,2712,1408,4,147.57,1.93,92,0,real
invest_xx81,217,4929,7620,102,15,1.98,74.71,0,1,bot
trend_33980,44,3132,8376,54,13,0.83,155.11,22,1,bot
lucky_88323,69,2324,6722,71,24,1.65,94.68,5,1,bot
earn_04621,206,3064,6959,89,15,0.55,78.19,0,1,bot
sunil_design,36213,141,1647,2116,5,154.11,0.78,64,0,real
like_0465,47,3870,5960,18,24,0.21,331.11,0,1,bot
trend_0370,306,4357,329,32,24,0.43,10.28,0,1,bot
vikram_hike,26181,732,2141,1783,2,183.07,1.2,25,0,real
ravi_cook73,28845,307,4236,1103,1,242.61,3.84,56,0,real
jane_film33,54000,700,3226,3064,6,135.38,1.05,122,0,real
dm_05282,202,4667,5813,115,22,0.5,50.55,0,1,bot
promo_bot438,348,2206,9933,29,23,0.4,342.52,0,1,bot
pooja_blog,62028,984,4481,1804,1,115.11,2.48,115,0,real
news_66745,173,4135,6883,14,21,0.61,491.64,0,1,bot
viral_99888,109,2934,8299,25,11,1.73,331.96,0,1,bot
ganesh_design82,10254,464,4874,3000,1,35.38,1.62,75,0,real
lucky_xx890,326,2240,6010,131,20,1.61,45.88,0,1,bot
promo_xxx652,158,1199,4878,98,24,1.28,49.78,0,1,bot
sarah_music,710,75,2697,2467,3,95.35,1.09,115,0,real
cash_77763,76,4325,9215,102,9,1.17,90.34,0,1,bot
arjun_art3,58700,525,3049,1927,3,171.13,1.58,99,0,real
rohit_sports,67868,286,1547,428,3,46.25,3.61,102,0,real
vinod_sports,26778,247,292,399,6,46.47,0.73,21,0,real
mahesh_write,3835,729,3874,405,0,221.81,9.57,56,0,real
mahesh_dev31,1141,1198,1286,3166,6,36.06,0.41,116,0,real
bot_55465,242,4614,1577,58,16,0.65,27.19,0,1,bot
viral_0234,211,2422,2963,135,22,1.95,21.95,27,1,bot
crypto_66272,308,4643,4193,100,15,0.51,41.93,0,1,bot
profit_2025819,116,3547,4727,48,10,1.33,98.48,0,1,bot
fake_03775,13,1362,6808,103,16,0.83,66.1,22,1,bot
promo_33191,13,3476,9568,115,23,1.69,83.2,0,1,bot
win_05631,303,3009,9113,84,19,0.15,108.49,0,1,bot
rajesh_cook,47065,135,500,1955,3,244.22,0.26,45,0,real
alert_44481,128,2794,8417,95,15,1.18,88.6,0,1,bot
profit_66125,123,1252,2241,10,14,1.65,224.1,0,1,bot
retweet_02181,379,4947,8060,17,8,0.11,474.12,0,1,bot
like_xxx521,195,1074,5160,99,13,1.9,52.12,15,1,bot
ashok_read24,41770,480,378,3447,4,9.19,0.11,59,0,real
profit_2025103,264,2376,8337,59,18,0.33,141.31,0,1,bot
rohit_teach37,72471,599,995,3201,1,71.06,0.31,156,0,real
pump_4423,144,4452,1757,52,8,1.66,33.79,9,1,bot
ramesh_music99,43312,275,1078,2861,4,164.23,0.38,25,0,real
amit_cook13,23848,1078,1565,3171,6,179.4,0.49,58,0,real
kavita_write81,31562,207,787,625,1,174.72,1.26,41,0,real
kavita_design,68723,549,4681,2176,3,16.99,2.15,103,0,real
news_0211,44,4406,295,9,21,0.2,32.78,8,1,bot
ganesh_cook,13919,534,1445,1248,5,268.28,1.16,127,0,real
lucky_xx476,327,4604,1759,116,18,1.3,15.16,0,1,bot
vikram_hike81,27543,378,4595,1377,6,259.73,3.34,102,0,real
like_0013,390,4143,9547,141,15,1.96,67.71,0,1,bot
trend_00674,317,3186,7358,47,19,1.8,156.55,0,1,bot
anita_create55,31440,843,1730,463,4,184.03,3.74,59,0,real
pooja_hike,24035,1083,3276,639,6,282.67,5.13,150,0,real
pump_03847,154,4274,3354,90,10,0.83,37.27,10,1,bot
free_2024651,42,4482,8856,98,20,0.44,90.37,0,1,bot
like_77347,243,2249,4034,60,19,1.62,67.23,0,1,bot
daily_02302,136,2342,972,45,16,1.75,21.6,21,1,bot
dm_2024781,385,3041,1726,136,12,1.29,12.69,0,1,bot
pooja_film,79637,1046,4108,1078,3,133.36,3.81,60,0,real
crypto_22745,216,4128,6095,100,9,0.8,60.95,0,1,bot
mike_create21,18828,618,3601,2895,4,135.29,1.24,84,0,real
rohit_dance,12297,929,1840,1492,3,170.49,1.23,143,0,real
arun_music27,60438,817,685,2913,5,283.26,0.24,98,0,real
daily_22295,76,2564,7166,133,14,1.2,53.88,0,1,bot
mass_7788,27,4754,6283,22,18,1.78,285.59,0,1,bot
sarah_dev,56659,767,3932,1222,2,235.55,3.22,78,0,real
cash_05600,284,2070,7039,71,19,1.22,99.14,26,1,bot
vikram_run,32344,471,1797,2470,5,61.33,0.73,69,0,real
free_2025220,285,4391,4542,58,25,1.39,78.31,0,1,bot
retweet_x160,388,1460,993,28,15,1.9,35.46,0,1,bot
vikram_cook,10952,656,2911,1380,4,251.48,2.11,82,0,real
raj_coder54,23367,92,2181,1668,0,55.36,1.31,22,0,real
dm_00326,129,2113,1323,122,14,0.27,10.84,0,1,bot
trade_99915,236,1885,882,143,24,1.28,6.17,0,1,bot
mike_music21,52293,575,2353,3331,4,89.5,0.71,86,0,real
win_02547,43,3567,3553,8,14,1.73,444.12,0,1,bot
vikram_cycle47,4183,652,1333,2227,2,18.16,0.6,58,0,real
alert_88409,293,1311,3024,94,23,0.63,32.17,0,1,bot
crypto_05311,267,1382,2862,143,12,0.34,20.01,0,1,bot
invest_2025990,96,2887,5870,132,13,0.28,44.47,22,1,bot
ramesh_design97,68490,353,2382,873,0,70.2,2.73,114,0,real
quick_88480,295,2478,6914,22,19,1.59,314.27,0,1,bot
mahesh_film,33049,643,3218,1217,5,110.58,2.64,60,0,real
promo_55262,303,4662,1989,33,15,1.48,60.27,0,1,bot
fake_05434,11,1180,5564,77,12,1.27,72.26,0,1,bot
fast_88382,68,1749,6666,94,20,1.92,70.91,13,1,bot
lucky_bot781,338,3627,3110,20,22,1.58,155.5,0,1,bot
bot_00612,153,1120,1059,63,23,1.06,16.81,0,1,bot
spam_00391,141,2580,8951,36,17,0.05,248.64,0,1,bot
alert_5537,298,3977,4367,84,9,1.26,51.99,0,1,bot
dm_11568,225,1785,6311,39,13,1.23,161.82,14,1,bot
lucky_bot982,362,1828,2261,116,17,0.32,19.49,0,1,bot
pump_2025924,282,4595,8346,16,11,0.19,521.62,0,1,bot
dm_03774,105,1816,6354,42,17,1.11,151.29,0,1,bot
news_2024282,45,1656,8802,148,12,0.9,59.47,0,1,bot
trend_01457,161,1179,3254,131,18,1.03,24.84,0,1,bot
spam_33780,42,1949,4431,131,19,0.47,33.82,0,1,bot
free_33458,119,1410,8428,48,20,1.57,175.58,0,1,bot
anita_dev,50158,257,4219,3264,5,28.24,1.29,97,0,real
cash_33587,169,2746,5495,46,22,1.08,119.46,0,1,bot
priya_sports62,55640,963,4905,2075,5,85.14,2.36,101,0,real
crypto_99709,79,2149,1920,22,22,0.92,87.27,0,1,bot
retweet_77190,175,2955,4164,42,8,0.52,99.14,12,1,bot
fake_99881,273,1290,3999,91,16,1.34,43.95,0,1,bot
arun_music41,24976,278,4786,365,2,273.1,13.11,95,0,real
raj_coder,11311,611,2067,3095,6,165.13,0.67,106,0,real
follow_bot884,259,2978,1950,40,21,0.88,48.75,0,1,bot
crypto_11976,96,3779,1065,111,18,0.36,9.59,0,1,bot
rich_0343,33,1332,9549,14,16,1.3,682.07,29,1,bot
mike_art73,54898,1172,4435,2881,5,40.77,1.54,155,0,real
jane_blog59,36394,988,94,3914,1,110.54,0.02,148,0,real
anil_cook,16515,822,3540,3436,5,130.92,1.03,55,0,real
sanjay_photo,44125,448,3615,2869,0,262.04,1.26,37,0,real
ganesh_art,30363,791,3754,3572,2,225.72,1.05,49,0,real
trend_02854,213,1295,793,97,21,0.04,8.18,0,1,bot
alert_99238,154,3895,7538,80,10,1.37,94.22,0,1,bot
follow_x225,138,3543,2340,55,11,1.81,42.55,0,1,bot
priya_design44,51352,728,4846,3937,3,283.85,1.23,90,0,real
earn_33566,154,4176,6336,89,22,1.07,71.19,0,1,bot
fake_05558,199,1757,6349,106,19,0.37,59.9,0,1,bot
auto_11426,383,1475,2421,28,19,0.62,86.46,0,1,bot
mass_04792,164,1970,2447,89,24,0.44,27.49,0,1,bot
john_film97,12987,402,3160,2200,4,197.67,1.44,127,0,real
cash_55419,158,1117,4389,44,15,1.24,99.75,0,1,bot
lucky_01337,62,1442,301,56,10,1.19,5.38,0,1,bot
bot_03241,354,2987,1751,129,8,0.12,13.57,0,1,bot
cash_00735,358,1411,2352,127,8,1.93,18.52,10,1,bot
ganesh_photo,5004,284,617,1325,3,230.19,0.47,27,0,real
earn_77851,294,3969,4678,42,21,0.42,111.38,0,1,bot
like_11233,60,2777,1746,30,22,0.33,58.2,0,1,bot
jane_cycle,63957,1124,1165,2864,5,262.89,0.41,127,0,real
anita_coder4,70722,719,4050,2365,2,174.57,1.71,37,0,real
free_22662,94,4546,506,29,17,1.12,17.45,0,1,bot
vijay_design,14041,228,1088,1873,5,224.06,0.58,50,0,real
profit_xx152,52,2376,7896,40,9,1.1,197.4,0,1,bot
jane_film5,9203,83,3869,1681,0,249.81,2.3,126,0,real
ganesh_cycle,22348,1125,1315,1844,0,9.41,0.71,77,0,real
vijay_sports72,79391,1097,1363,2992,3,247.36,0.46,100,0,real
vivek_dev,34667,203,2717,1546,5,185.76,1.76,117,0,real
amit_create41,3171,1099,2495,2041,2,140.38,1.22,45,0,real
kavita_food,41287,177,818,2911,6,165.5,0.28,69,0,real
fake_33888,152,2556,7528,32,19,0.33,235.25,0,1,bot
anil_sports,28973,781,3653,3311,5,94.3,1.1,113,0,real
sunil_dance7,66630,428,71,2112,0,56.88,0.03,70,0,real
neha_hike8,53360,116,4277,328,3,259.34,13.04,38,0,real
alert_66201,204,1942,9435,91,15,1.0,103.68,0,1,bot
promo_bot422,357,2438,3359,38,25,0.35,88.39,0,1,bot
arun_photo,57523,809,1189,2820,3,181.12,0.42,30,0,real
rohit_travel73,10032,303,1561,1075,1,255.34,1.45,78,0,real
sarah_music,45657,282,3281,1606,5,42.78,2.04,143,0,real
neha_art,54241,515,4412,341,4,18.51,12.94,23,0,real
arjun_blog79,11043,815,3404,1584,4,137.78,2.15,30,0,real
auto_02760,49,1689,283,107,16,0.31,2.64,0,1,bot
free_33545,108,1776,8721,105,15,1.14,83.06,10,1,bot
profit_66533,212,1436,250,63,25,1.7,3.97,0,1,bot
daily_66127,114,1383,4754,96,13,1.67,49.52,0,1,bot
retweet_33820,190,2689,8562,87,25,0.02,98.41,0,1,bot
vinod_film12,62455,1089,4405,3512,2,35.92,1.25,78,0,real
ramesh_cook,72391,627,2240,1729,4,34.22,1.3,32,0,real
anil_read20,31467,805,1455,2175,3,281.46,0.67,71,0,real
amit_design,29656,635,1668,3080,5,52.82,0.54,155,0,real
mahesh_food67,49036,748,1069,1454,2,171.77,0.74,141,0,real
vivek_film24,3478,1050,3047,327,1,88.14,9.32,129,0,real
dm_7794,240,3892,6046,36,10,1.05,167.94,0,1,bot
ravi_cook,40029,934,794,568,6,135.74,1.4,157,0,real
follow_3321,10,2957,5535,141,14,1.61,39.26,0,1,bot
vinod_coder13,11236,743,1677,2521,1,146.73,0.67,133,0,real
fake_22666,44,1179,3680,101,21,0.6,36.44,24,1,bot
auto_xxx934,301,4286,7278,130,13,1.22,55.98,0,1,bot
quick_02653,231,4916,4566,97,18,0.54,47.07,0,1,bot
rohit_dev,44643,498,393,3282,2,137.05,0.12,76,0,real
mike_dance41,1959,698,1252,3020,3,280.48,0.41,147,0,real
rohit_cook,37911,396,2145,3926,4,227.27,0.55,79,0,real
daily_bot486,98,3651,9949,40,8,0.45,248.72,0,1,bot
quick_9996,198,2322,6308,83,10,1.52,76.0,0,1,bot
vikram_read,65020,454,4979,3648,5,59.89,1.36,93,0,real
ramesh_film,75006,1025,3182,2957,2,207.25,1.08,119,0,real
trade_33771,270,3019,8364,67,20,1.9,124.84,0,1,bot
like_11204,36,4635,3668,99,11,0.47,37.05,0,1,bot
auto_xxx434,107,2426,5354,100,19,1.19,53.54,0,1,bot
cash_xx908,165,4578,5239,148,19,0.02,35.4,0,1,bot
ramesh_run,48418,938,1235,1249,3,32.64,0.99,66,0,real
trade_xxx258,398,3526,7524,92,9,0.21,81.78,0,1,bot
alert_77494,151,2377,5427,23,16,0.52,235.96,0,1,bot
sarah_food,11438,463,4564,3927,6,151.9,1.16,52,0,real
promo_66382,93,3211,8843,121,17,0.24,73.08,5,1,bot
suresh_sports,56959,157,4184,2502,4,255.52,1.67,150,0,real
ajay_travel93,46462,288,667,3039,5,239.03,0.22,39,0,real
win_44424,295,4210,8004,148,13,0.74,54.08,22,1,bot
dm_00264,47,4197,4643,48,9,0.77,96.73,0,1,bot
crypto_2025674,79,4993,1487,118,12,1.28,12.6,18,1,bot
fast_2025474,166,2469,8078,121,25,0.22,66.76,0,1,bot
vikram_sports84,1144,122,2034,3730,1,177.97,0.55,76,0,real
trend_77463,31,4387,4125,123,24,1.08,33.54,0,1,bot
free_77785,244,3762,7097,98,11,0.33,72.42,10,1,bot
follow_11331,174,3625,1909,111,11,1.05,17.2,0,1,bot
profit_2025308,300,3302,881,71,20,0.2,12.41,0,1,bot
viral_202476,321,2319,2530,27,10,0.25,93.7,0,1,bot
vijay_hike,64008,423,73,3399,2,268.54,0.02,150,0,real
sanjay_sports,17076,778,817,1900,2,125.15,0.43,148,0,real
promo_x180,44,3887,9287,150,14,0.28,61.91,0,1,bot
rohit_hike,10931,288,1019,791,3,194.22,1.29,150,0,real
trend_xx936,144,1482,4364,150,22,0.43,29.09,0,1,bot
anita_food3,40216,467,3326,2337,5,115.09,1.42,87,0,real
vijay_run2,6046,712,1172,1425,6,78.45,0.82,22,0,real
priya_cycle,24625,255,2952,1679,2,53.01,1.76,159,0,real
raj_cycle84,65351,781,273,880,1,175.39,0.31,130,0,real
ramesh_coder,60625,59,2349,2936,1,253.28,0.8,123,0,real
ajay_teach10,58104,510,354,1626,1,166.66,0.22,90,0,real
mass_7715,242,2782,8196,141,11,0.45,58.13,0,1,bot
arjun_food43,34554,1113,537,3426,6,112.8,0.16,26,0,real
jane_dance83,25387,440,3671,3648,0,27.09,1.01,159,0,real
bot_01748,217,3012,6912,102,20,1.94,67.76,16,1,bot
viral_xx68,365,1852,9782,94,21,1.57,104.06,0,1,bot
auto_03549,359,2365,5061,98,20,0.11,51.64,0,1,bot
ramesh_cook,40672,342,4502,361,6,290.84,12.47,42,0,real
vivek_design42,46848,564,700,2018,0,34.83,0.35,144,0,real
amit_sports76,38847,296,516,2778,5,266.01,0.19,154,0,real
alert_33756,134,4101,1400,116,9,0.28,12.07,0,1,bot
invest_5562,366,1822,4544,79,9,0.93,57.52,0,1,bot
crypto_bot84,372,4402,7961,124,22,1.26,64.2,0,1,bot
earn_01445,79,4121,7979,40,25,0.4,199.47,0,1,bot
fast_55504,169,1550,6474,117,23,1.53,55.33,23,1,bot
ashok_food55,23432,763,227,2970,6,112.88,0.08,139,0,real
clone_11173,390,3316,8215,124,25,1.02,66.25,0,1,bot
earn_202545,139,2529,366,106,19,1.58,3.45,0,1,bot
mahesh_dev,64762,980,1014,3152,6,115.3,0.32,46,0,real
auto_22588,229,4306,9290,64,25,0.05,145.16,0,1,bot
lucky_202534,296,4866,6151,47,11,1.2,130.87,0,1,bot
anil_create48,50246,1112,364,2784,4,36.8,0.13,45,0,real
neha_teach26,18707,812,313,802,1,211.01,0.39,136,0,real
viral_x530,379,4620,3778,18,9,0.56,209.89,18,1,bot
auto_00732,340,3066,2927,28,9,0.5,104.54,19,1,bot
priya_write49,69788,756,4539,1040,4,265.2,4.36,123,0,real
free_44776,100,1270,7297,59,23,1.38,123.68,0,1,bot
sarah_coder13,13543,657,4210,2530,6,127.51,1.66,20,0,real
vinod_read,55542,820,109,3538,2,81.99,0.03,56,0,real
pooja_film38,74792,526,4181,1653,3,47.55,2.53,158,0,real
trend_11644,222,4142,7039,135,20,0.16,52.14,0,1,bot
arun_food,6429,748,4641,2320,4,269.7,2.0,150,0,real
vikram_dev,42257,156,1756,302,2,144.26,5.81,45,0,real
like_x895,386,4971,5433,18,22,0.47,301.83,20,1,bot
pooja_food,55097,638,3683,3908,2,77.98,0.94,128,0,real
alert_44767,221,1867,8497,95,12,0.32,89.44,0,1,bot
ajay_hike5,8070,516,2142,2566,2,9.75,0.83,110,0,real
free_44486,310,3112,9154,66,22,1.45,138.7,0,1,bot
rohit_music,68561,309,4831,719,5,230.99,6.72,104,0,real
profit_33640,306,3939,1652,30,18,0.55,55.07,23,1,bot
free_bot672,142,2210,6957,134,20,0.78,51.92,0,1,bot
fast_0283,128,1617,6375,42,12,1.41,151.79,7,1,bot
ganesh_hike23,64556,90,4663,2132,2,266.25,2.19,41,0,real
bot_11950,357,2564,5272,121,24,1.37,43.57,0,1,bot
vijay_teach,67170,130,477,3398,5,216.59,0.14,53,0,real
amit_cook49,60115,720,3221,3248,4,227.39,0.99,145,0,real
anil_hike,78016,1009,1301,550,0,108.38,2.37,77,0,real
profit_88346,326,1466,3814,117,11,1.12,32.6,0,1,bot
clone_2025186,138,4668,6351,56,8,0.24,113.41,0,1,bot
trade_77186,394,4487,9092,20,22,1.29,454.6,0,1,bot
fake_66867,306,4886,5798,78,19,0.32,74.33,0,1,bot
ganesh_design1,4494,609,2272,2785,5,146.23,0.82,31,0,real
pump_44511,386,1961,4065,58,16,0.41,70.09,0,1,bot
priya_photo11,30649,936,1742,315,0,216.51,5.53,119,0,real
vijay_travel13,47763,498,3178,832,3,261.02,3.82,151,0,real
win_0578,331,4896,8195,52,22,1.51,157.6,29,1,bot
pooja_dev7,52200,439,4075,3553,5,162.08,1.15,151,0,real
vijay_create42,22279,698,4827,3729,5,283.57,1.29,152,0,real
win_0451,236,2114,7047,27,23,1.21,261.0,0,1,bot
pooja_coder,10416,913,3039,2937,3,233.86,1.03,57,0,real
rohit_cycle,71239,98,2209,1513,1,91.51,1.46,126,0,real
profit_55110,86,3147,4048,31,14,1.24,130.58,0,1,bot
invest_02844,397,3220,781,100,22,1.09,7.81,0,1,bot
pump_04472,233,1360,1834,99,15,0.87,18.53,0,1,bot
ajay_cycle85,24227,581,460,3958,0,269.01,0.12,129,0,real
kavita_photo,27663,206,3459,2862,3,267.47,1.21,135,0,real
kavita_blog17,2653,611,1676,2171,1,200.31,0.77,85,0,real
promo_55181,172,3426,5978,67,8,1.41,89.22,0,1,bot
quick_03739,400,1777,2710,87,23,1.99,31.15,19,1,bot
retweet_02293,16,4310,8664,115,11,0.05,75.34,0,1,bot
promo_2024634,221,3109,3179,128,8,1.97,24.84,0,1,bot
ajay_design,46473,1141,3270,1693,1,276.77,1.93,46,0,real
priya_teach89,74547,456,1163,2446,1,200.7,0.48,33,0,real
like_77698,200,1990,8108,14,22,0.36,579.14,0,1,bot
trend_02711,69,3909,5871,89,25,0.96,65.97,23,1,bot
dm_66891,302,4589,8367,140,9,0.26,59.76,0,1,bot
follow_44466,12,3354,4377,110,13,0.81,39.79,0,1,bot
rajesh_run5,60490,951,4716,1722,6,159.22,2.74,122,0,real
rich_xxx690,334,1570,5061,134,15,0.51,37.77,9,1,bot
news_44198,282,2133,5328,80,22,1.34,66.6,0,1,bot
dm_11409,274,2794,7497,102,11,0.5,73.5,0,1,bot
neha_run,79409,1195,652,3355,6,209.27,0.19,142,0,real
rajesh_music,28046,524,2536,745,4,95.09,3.4,155,0,real
signal_00572,234,4299,3261,95,8,1.38,34.33,0,1,bot
raj_photo,50565,422,2908,822,2,150.79,3.54,143,0,real
spam_77477,217,1654,8333,85,17,1.38,98.04,0,1,bot
signal_88454,35,1401,8956,147,8,1.94,60.93,0,1,bot
kavita_music,43915,794,2513,2312,0,33.58,1.09,23,0,real
spam_00250,299,4223,3462,39,10,1.66,88.77,0,1,bot
auto_00174,176,3205,712,12,22,1.32,59.33,18,1,bot
promo_xxx421,383,4538,987,126,11,0.12,7.83,0,1,bot
spam_44153,103,1941,687,20,23,0.52,34.35,27,1,bot
auto_bot92,57,3270,9880,97,18,1.73,101.86,0,1,bot
mass_04399,69,3437,5150,54,18,1.42,95.37,13,1,bot
daily_77795,387,1859,9732,67,19,1.72,145.25,24,1,bot
invest_202452,99,4330,746,32,17,0.72,23.31,0,1,bot
promo_03670,138,3116,6265,26,15,1.03,240.96,0,1,bot
sunil_run99,65614,402,748,3640,2,108.78,0.21,157,0,real
jane_design,22531,977,4946,808,2,179.4,6.12,80,0,real
suresh_film,12811,302,3261,2786,1,67.34,1.17,48,0,real
bot_bot912,142,3426,4054,145,17,1.45,27.96,0,1,bot
sunil_dev66,17978,1064,1851,890,5,193.7,2.08,59,0,real
fast_xxx271,258,3682,9472,105,23,0.07,90.21,13,1,bot
bot_55280,183,4774,5851,86,8,0.36,68.03,9,1,bot
rich_33964,214,3724,6300,99,9,1.95,63.64,0,1,bot
amit_music,31057,428,1685,629,3,31.6,2.68,82,0,real
mahesh_create9,18198,521,4115,2944,1,18.05,1.4,97,0,real
vijay_write,46592,220,4958,3547,6,150.95,1.4,126,0,real
vijay_teach12,11849,262,154,658,4,280.09,0.23,46,0,real
daily_33406,227,2253,6278,62,13,1.87,101.26,0,1,bot
earn_xxx989,12,2570,718,129,25,0.4,5.57,0,1,bot
daily_33138,390,4990,7359,83,18,0.54,88.66,0,1,bot
vijay_teach36,12452,56,1536,3305,4,272.8,0.46,142,0,real
alert_4445,31,4628,5270,58,17,1.03,90.86,22,1,bot
auto_01690,124,1734,8550,20,9,1.91,427.5,7,1,bot
trend_2025813,53,3698,4749,50,24,1.33,94.98,0,1,bot
ajay_read,69219,706,4632,2982,4,212.15,1.55,153,0,real
vivek_design,59298,634,256,2964,3,182.99,0.09,151,0,real
free_88942,155,3251,9260,30,19,0.69,308.67,0,1,bot
mahesh_travel23,15175,625,2178,1321,5,77.97,1.65,129,0,real
like_33447,54,1781,5030,144,22,0.3,34.93,0,1,bot
vijay_dance,34546,978,4491,1179,3,39.76,3.81,91,0,real
vinod_cycle,45096,333,1519,2243,0,96.8,0.68,65,0,real
earn_2024254,245,1815,1639,15,24,1.33,109.27,11,1,bot
cash_xx762,207,4664,5654,119,13,0.99,47.51,0,1,bot
retweet_77421,350,4578,7029,97,9,1.94,72.46,0,1,bot
ajay_travel73,23364,952,4176,1024,1,245.24,4.08,133,0,real
mohan_cycle63,34244,427,3308,671,1,71.86,4.93,40,0,real
sanjay_design37,46270,1136,3282,2773,0,38.82,1.18,102,0,real
alert_xx412,395,3528,6835,31,15,1.73,220.48,0,1,bot
pump_x632,84,3552,7316,120,9,1.85,60.97,0,1,bot
fake_01664,225,1051,8131,94,11,0.87,86.5,16,1,bot
rich_66276,393,4809,6620,60,17,0.01,110.33,10,1,bot
trade_55839,72,1008,9070,132,19,0.14,68.71,6,1,bot
raj_cook,39463,976,3396,2971,0,63.83,1.14,106,0,real
ramesh_dev49,26038,148,1512,2888,0,47.17,0.52,28,0,real
arun_film50,26133,205,784,2833,0,214.94,0.28,123,0,real
trend_22556,286,4315,9055,94,8,1.91,96.33,6,1,bot
mohan_cycle81,32331,333,3159,1665,3,167.06,1.9,157,0,real
invest_88991,338,2438,8446,78,20,1.36,108.28,0,1,bot
pump_bot128,108,2517,7383,125,8,0.44,59.06,0,1,bot
promo_2025683,271,2984,4669,110,12,1.54,42.45,0,1,bot
rohit_coder,13862,825,1031,1210,1,160.31,0.85,98,0,real
spam_66320,343,3101,5961,118,17,1.17,50.52,0,1,bot
vivek_dance73,41211,405,412,2523,4,13.25,0.16,97,0,real
neha_music,70558,805,60,3265,5,261.06,0.02,86,0,real
rohit_create8,33917,418,2282,2104,2,261.37,1.08,52,0,real
crypto_xx729,209,4029,5288,46,19,0.21,114.96,0,1,bot
mike_coder,27553,554,2692,2008,5,73.86,1.34,100,0,real
ravi_photo17,68621,259,1358,920,5,74.33,1.48,112,0,real
crypto_77404,183,4255,9239,102,19,1.51,90.58,11,1,bot
promo_88555,45,4828,7834,22,9,0.57,356.09,0,1,bot
neha_blog,52717,337,1031,1431,5,223.2,0.72,58,0,real
free_88914,269,4479,611,11,20,1.54,55.55,0,1,bot
amit_food5,24751,125,1180,1271,2,257.55,0.93,75,0,real
pooja_run,71759,531,2152,1053,6,185.76,2.04,132,0,real
clone_bot710,121,4890,2274,111,19,0.59,20.49,0,1,bot
follow_88289,212,2562,604,119,23,0.31,5.08,0,1,bot
trend_03923,302,4278,2515,139,11,1.9,18.09,0,1,bot
trade_99471,277,3923,1997,106,8,0.62,18.84,0,1,bot
pump_03447,56,4969,7800,132,19,0.82,59.09,0,1,bot
earn_33117,24,1786,4123,45,17,0.93,91.62,22,1,bot
free_88244,95,2308,1553,95,18,0.89,16.35,0,1,bot
suresh_write86,78341,919,3246,3291,4,26.14,0.99,145,0,real
mass_05470,250,1042,2282,28,18,1.95,81.5,0,1,bot
promo_33142,56,3021,871,137,11,0.31,6.36,10,1,bot
news_bot13,307,2554,1750,60,18,0.72,29.17,0,1,bot
daily_2025745,347,2225,2708,107,8,1.1,25.31,15,1,bot
fake_00893,304,4816,9941,64,10,1.29,155.33,17,1,bot
auto_x729,337,2536,4290,16,25,1.25,268.12,0,1,bot
crypto_04726,296,2268,6271,28,18,1.63,223.96,0,1,bot
promo_xxx323,151,2014,1480,42,15,1.11,35.24,0,1,bot
rich_xx807,393,1763,4842,133,9,0.02,36.41,0,1,bot
like_551,256,4823,4577,22,16,1.68,208.05,0,1,bot
news_77701,174,1562,3593,146,9,1.19,24.61,0,1,bot
suresh_music68,4203,674,4456,514,6,107.6,8.67,26,0,real
fake_01116,309,4189,9052,53,12,0.79,170.79,15,1,bot
fake_33122,223,4131,9866,149,15,1.55,66.21,17,1,bot
mass_11758,198,2900,9794,69,23,2.0,141.94,0,1,bot
signal_44603,219,2858,7339,128,10,1.2,57.34,0,1,bot
quick_66158,332,3327,9979,91,20,1.96,109.66,11,1,bot
quick_0061,310,1605,2420,12,11,1.69,201.67,0,1,bot
suresh_film67,68113,180,4810,2301,4,215.56,2.09,51,0,real
neha_design,76549,1150,891,364,5,225.0,2.45,117,0,real
win_bot306,378,3758,9020,125,21,1.06,72.16,0,1,bot
pooja_hike,76192,72,2500,1895,0,195.31,1.32,133,0,real
arun_run,50884,135,894,761,5,280.26,1.17,72,0,real
quick_00891,132,3856,9468,55,20,0.47,172.15,29,1,bot
mohan_sports85,31916,999,804,1841,3,42.91,0.44,54,0,real
ravi_food,21264,655,578,995,2,175.07,0.58,110,0,real
sunil_blog82,61086,508,2224,2569,4,251.8,0.87,137,0,real
ashok_sports9,27949,173,127,2325,5,68.76,0.05,118,0,real
mass_xx583,49,4007,5419,62,23,0.35,87.4,0,1,bot
auto_02811,58,2031,9928,50,18,1.96,198.56,27,1,bot
lucky_2024270,147,4428,9344,64,9,0.3,146.0,0,1,bot
john_dance,4743,1105,3813,1548,4,255.26,2.46,34,0,real
signal_xx614,114,1031,5038,21,14,1.53,239.9,0,1,bot
trade_88804,349,4239,1162,127,13,1.02,9.15,0,1,bot
vinod_coder,1888,1074,1957,1709,0,205.1,1.15,107,0,real
cash_00556,41,2703,3488,126,21,0.78,27.68,0,1,bot
raj_travel,33825,836,1887,1497,0,256.02,1.26,97,0,real
arun_run,46053,1044,2780,3806,6,134.14,0.73,112,0,real
retweet_88670,217,1382,6313,15,20,1.11,420.87,0,1,bot
neha_photo,75061,365,1961,566,6,30.78,3.46,39,0,real
ashok_dance,47069,158,4832,327,0,233.51,14.78,38,0,real
promo_01917,50,4464,4205,79,14,1.27,53.23,0,1,bot
lucky_66789,274,3939,1240,9,10,0.68,137.78,0,1,bot
ganesh_run45,73099,873,1997,822,5,91.55,2.43,106,0,real
win_03560,381,4179,3270,57,17,0.9,57.37,0,1,bot
signal_xxx436,363,4124,8908,110,17,0.65,80.98,0,1,bot
pooja_design11,47469,1062,1723,616,3,34.7,2.8,25,0,real
news_2025661,121,1370,2376,22,8,1.51,108.0,0,1,bot
follow_05125,319,1353,2228,37,20,1.31,60.22,0,1,bot
rich_03275,135,4488,1519,89,16,1.76,17.07,12,1,bot
alert_xx576,180,1294,2338,130,23,0.39,17.98,0,1,bot
ramesh_run,35325,790,2072,1423,6,197.64,1.46,23,0,real
fake_22228,321,1327,718,101,20,1.86,7.11,0,1,bot
pump_xx383,378,2874,3281,41,19,1.95,80.02,0,1,bot
auto_55220,219,2800,4266,77,9,0.98,55.4,0,1,bot
trend_2024283,83,1030,7402,58,10,1.65,127.62,0,1,bot
lucky_2024697,75,2411,9132,139,13,1.54,65.7,9,1,bot
rohit_cycle,4885,358,2653,1683,5,171.77,1.58,124,0,real
fast_03883,69,2974,4324,14,10,0.77,308.86,0,1,bot
invest_44856,382,3247,8747,45,21,0.22,194.38,0,1,bot
profit_00684,43,3906,9111,95,25,0.58,95.91,0,1,bot
rajesh_travel81,4882,249,1810,2669,5,293.81,0.68,127,0,real
trade_22488,391,2842,5583,31,16,0.72,180.1,0,1,bot
dm_66203,267,1745,1906,131,22,1.13,14.55,0,1,bot
ramesh_design,1720,684,1792,397,6,58.37,4.51,105,0,real
lucky_2025299,121,1859,3305,44,8,0.72,75.11,0,1,bot
like_2025106,155,3351,7790,10,23,0.88,779.0,0,1,bot
news_02434,136,3796,4650,128,12,0.73,36.33,0,1,bot
win_01497,235,2124,1369,68,17,0.47,20.13,0,1,bot
pooja_dance,70552,180,1534,1632,3,244.8,0.94,25,0,real
rajesh_write,54773,855,66,2042,6,282.3,0.03,34,0,real
trade_bot86,238,4479,1531,144,24,0.79,10.63,0,1,bot
ashok_sports,24624,1042,4089,920,2,43.88,4.44,42,0,real
arjun_travel,51733,670,578,3423,6,195.31,0.17,116,0,real
raj_photo89,47447,692,3672,3213,5,265.95,1.14,67,0,real
earn_2294,287,1406,2855,36,17,0.29,79.31,0,1,bot
trend_02109,248,1990,2107,88,16,0.9,23.94,0,1,bot
arjun_film59,23728,225,907,746,3,231.62,1.22,71,0,real
earn_44644,304,2285,1447,85,11,0.32,17.02,0,1,bot
mass_11752,382,4082,1556,112,11,1.27,13.89,0,1,bot
pooja_cook,16903,576,2665,3998,5,164.3,0.67,44,0,real
fake_2025562,213,1107,8684,20,10,0.21,434.2,0,1,bot
suresh_cycle,64487,98,874,2308,2,170.57,0.38,119,0,real
arun_cook,4727,1136,815,3426,6,24.28,0.24,25,0,real
mass_x56,69,4094,960,74,13,0.93,12.97,0,1,bot
sunil_teach63,55672,71,4187,3610,5,45.25,1.16,147,0,real
rich_bot637,74,1977,7858,46,11,1.13,170.83,11,1,bot
arun_sports15,797,418,4564,1040,3,241.15,4.39,51,0,real
anil_design,17473,180,4300,1078,2,22.96,3.99,78,0,real
anita_cook,71654,691,1578,2303,1,178.23,0.69,30,0,real
mohan_food33,4330,111,2789,2975,3,81.96,0.94,105,0,real
raj_coder47,49825,978,2645,3060,3,57.13,0.86,91,0,real
vikram_cycle,834,187,2574,2227,5,60.36,1.16,44,0,real
bot_2024892,81,3970,520,109,11,1.74,4.77,0,1,bot
ganesh_music,49596,970,1111,3161,5,174.27,0.35,71,0,real
vikram_music35,9810,1100,2598,2157,0,132.85,1.2,153,0,real
trade_2024983,364,1065,2290,91,8,1.22,25.16,0,1,bot
pump_22118,328,4925,9268,10,24,0.2,926.8,0,1,bot
profit_04987,270,4645,9313,84,14,1.31,110.87,0,1,bot
trade_xxx412,273,3559,7525,71,25,0.36,105.99,0,1,bot
dm_xx726,315,4015,4298,115,10,0.19,37.37,0,1,bot
clone_77665,395,4020,9604,129,14,1.51,74.45,0,1,bot
mass_00819,86,1271,4695,97,8,0.68,48.4,0,1,bot
ajay_art9,57582,309,1499,532,2,17.9,2.82,109,0,real
anita_create,22699,908,1450,945,4,289.76,1.53,66,0,real
free_03591,252,1995,6769,128,14,0.19,52.88,26,1,bot
signal_99541,305,2728,5274,11,25,0.13,479.45,25,1,bot
kavita_run,10491,576,3570,3358,0,239.13,1.06,86,0,real
invest_x99,190,3375,2454,143,8,0.27,17.16,0,1,bot
earn_0347,21,4530,5669,132,21,0.36,42.95,0,1,bot
lucky_33553,38,4089,2395,62,24,1.99,38.63,0,1,bot
fake_02396,65,2944,5487,55,22,1.28,99.76,0,1,bot
like_66890,182,3623,7011,49,20,1.7,143.08,0,1,bot
fake_66759,392,1375,8791,14,14,0.75,627.93,0,1,bot
earn_11764,180,1907,2854,93,10,1.02,30.69,0,1,bot
anita_write,64647,192,3301,1707,4,23.33,1.93,126,0,real
crypto_04624,212,1158,5531,109,15,0.1,50.74,0,1,bot
earn_3381,303,2819,7441,124,10,1.71,60.01,0,1,bot
signal_33308,247,4300,1044,43,25,0.83,24.28,0,1,bot
alert_2025138,150,3845,5493,38,24,0.83,144.55,0,1,bot
free_0254,342,1918,1224,96,9,1.51,12.75,0,1,bot
retweet_02307,78,4845,4433,33,11,1.78,134.33,0,1,bot
clone_bot312,230,1860,9602,80,18,0.93,120.03,0,1,bot
retweet_01845,62,3394,220,108,24,2.0,2.04,0,1,bot
follow_0532,331,4641,9038,134,17,1.28,67.45,14,1,bot
raj_read54,42972,1016,2498,3023,4,229.2,0.83,81,0,real
vikram_teach,63227,908,3915,1730,4,208.2,2.26,61,0,real
dm_x734,59,1467,3733,122,8,0.68,30.6,0,1,bot
news_2024911,276,1422,5219,18,8,1.16,289.94,0,1,bot
bot_x903,356,2462,2698,73,13,1.66,36.96,0,1,bot
dm_0459,263,3622,7292,51,8,0.4,142.98,0,1,bot
viral_33971,325,1588,4327,64,19,0.78,67.61,0,1,bot
amit_run15,66514,408,4757,680,5,157.37,7.0,61,0,real
fast_x360,62,1967,2499,44,16,0.39,56.8,0,1,bot
clone_55502,105,1574,5254,80,22,1.24,65.67,0,1,bot
vinod_cycle,10261,556,2232,2772,0,161.78,0.81,160,0,real
follow_03246,352,1207,8800,69,15,1.28,127.54,0,1,bot
john_blog90,24946,276,2353,1112,0,44.44,2.12,127,0,real
mass_xxx33,121,1383,3911,14,24,1.2,279.36,0,1,bot
sunil_art,11953,257,3346,1552,2,188.43,2.16,67,0,real
signal_99468,194,4760,3362,19,16,0.74,176.95,19,1,bot
pooja_music,28573,527,2930,1410,0,45.51,2.08,132,0,real
win_bot869,275,1841,8448,84,14,1.5,100.57,0,1,bot
pump_00881,90,2601,1914,112,12,1.07,17.09,0,1,bot
john_run,8613,175,1600,3034,6,229.58,0.53,57,0,real
arun_blog27,25132,1196,3153,2827,2,57.81,1.12,22,0,real
retweet_88257,381,1808,9612,32,23,1.9,300.38,0,1,bot
viral_x574,72,2178,9495,77,25,0.76,123.31,0,1,bot
ravi_travel9,19993,897,1252,1629,4,93.16,0.77,71,0,real
ajay_coder0,50093,961,4673,1542,1,33.68,3.03,114,0,real
follow_04524,351,4720,6015,21,20,0.3,286.43,0,1,bot
jane_cook,184,771,428,2062,2,45.63,0.21,92,0,real
fake_x227,179,3717,5524,61,19,0.59,90.56,29,1,bot
retweet_77909,155,1106,2098,91,20,0.75,23.05,0,1,bot
ashok_hike,55472,872,466,2978,2,130.37,0.16,49,0,real
mahesh_music19,37718,667,2873,3958,0,84.97,0.73,147,0,real
win_xx92,116,4491,2769,12,20,1.56,230.75,0,1,bot
raj_blog66,44020,700,1416,3658,4,297.88,0.39,81,0,real
cash_44509,284,4442,3607,26,17,0.53,138.73,14,1,bot
pooja_cook98,69247,162,361,1476,1,284.3,0.24,98,0,real
fake_88586,238,4183,407,71,23,0.3,5.73,0,1,bot
like_x122,211,3200,8764,52,12,1.46,168.54,0,1,bot
suresh_cook,49300,403,754,2741,6,141.78,0.28,117,0,real
profit_66702,100,3037,2717,128,9,0.11,21.23,0,1,bot
arun_create,39267,947,1042,3005,4,224.16,0.35,136,0,real
ajay_music20,62198,1107,4896,1633,6,127.99,3.0,88,0,real
follow_11711,300,3316,6071,46,18,1.92,131.98,0,1,bot
rajesh_art36,18890,379,4502,2580,2,21.73,1.74,36,0,real
dm_x470,58,3378,8380,28,12,1.27,299.29,0,1,bot
rohit_run,63871,210,4618,3790,2,29.51,1.22,155,0,real
john_cycle,3746,363,4473,3454,0,173.68,1.3,26,0,real
fast_2024800,310,4063,8635,99,22,0.83,87.22,0,1,bot
earn_22948,360,1899,5413,149,9,0.46,36.33,0,1,bot
pooja_sports,16216,753,3570,2430,6,139.23,1.47,108,0,real
pump_01645,358,1605,4068,104,9,1.15,39.12,0,1,bot
rajesh_coder82,32650,320,704,479,2,47.08,1.47,23,0,real
cash_77558,86,3652,4452,64,12,0.14,69.56,0,1,bot
mohan_film76,45724,492,1738,1846,1,291.66,0.94,23,0,real
rajesh_travel6,49788,1064,1416,2031,2,291.07,0.7,106,0,real
win_22977,308,2236,9486,91,8,0.52,104.24,0,1,bot
viral_03318,182,4687,6281,122,23,1.67,51.48,0,1,bot
earn_88384,173,1115,1723,64,18,1.58,26.92,0,1,bot
win_xxx831,105,3514,7212,101,21,0.19,71.41,0,1,bot
vivek_dance,27119,353,2547,3466,1,34.76,0.73,156,0,real
trend_01705,348,2772,4172,31,23,0.69,134.58,26,1,bot
lucky_x401,357,4163,9743,125,24,0.3,77.94,5,1,bot
pooja_write99,14879,1041,2231,3019,5,158.2,0.74,25,0,real
pump_x130,70,4002,580,75,18,1.61,7.73,0,1,bot
anil_music66,58162,419,215,2068,5,65.9,0.1,64,0,real
arun_coder,21883,298,1636,3364,3,261.58,0.49,49,0,real
jane_blog60,27820,160,207,1174,6,206.68,0.18,89,0,real
trend_99304,148,4083,8987,116,14,1.58,77.47,0,1,bot
arun_film,69154,550,2211,2977,2,210.84,0.74,148,0,real
dm_2024501,299,1338,605,49,15,0.58,12.35,0,1,bot
vinod_run,46329,732,4549,3186,0,198.2,1.43,152,0,real
kavita_create55,37091,642,4000,2266,0,229.47,1.77,83,0,real
news_x920,358,3062,7029,75,16,0.11,93.72,0,1,bot
lucky_88613,231,4643,5380,17,16,0.05,316.47,0,1,bot
viral_99996,153,3914,1624,43,9,1.84,37.77,21,1,bot
pooja_dance,58117,278,1615,2060,4,242.7,0.78,136,0,real
suresh_write,27970,1045,3921,1702,0,87.12,2.3,29,0,real
john_coder43,20579,194,4793,3864,5,289.87,1.24,137,0,real
promo_66592,387,2251,258,39,23,1.62,6.62,0,1,bot
pump_2024645,261,1264,1246,8,14,0.1,155.75,0,1,bot
ramesh_hike,11426,423,1540,670,2,179.39,2.3,25,0,real
profit_02629,282,4465,9129,141,11,0.83,64.74,0,1,bot
quick_88724,365,2704,7898,79,12,0.41,99.97,0,1,bot
profit_xx76,255,3449,9639,121,20,1.07,79.66,27,1,bot
promo_00690,387,2996,7422,137,10,0.76,54.18,14,1,bot
ajay_cycle94,14414,166,4552,3381,3,285.98,1.35,93,0,real
invest_99772,192,2171,883,55,18,0.55,16.05,0,1,bot
fast_01747,357,1785,478,77,25,1.23,6.21,26,1,bot
fake_xxx708,19,1318,8034,35,21,0.09,229.54,0,1,bot
rich_0243,95,1431,2034,136,14,1.82,14.96,0,1,bot
mohan_cycle,1401,846,4614,3138,6,268.66,1.47,70,0,real
raj_dance,67840,1091,3344,1791,3,187.45,1.87,63,0,real
suresh_music,55850,570,1193,641,4,65.11,1.86,88,0,real
vivek_cook,49270,603,2769,447,2,241.93,6.19,128,0,real
kavita_food,76097,587,935,3769,5,54.84,0.25,125,0,real
pump_04143,115,4332,1072,59,19,1.06,18.17,0,1,bot
win_99430,383,2267,7411,85,17,1.25,87.19,0,1,bot
arjun_run76,14222,693,2260,2119,3,86.41,1.07,136,0,real
follow_55729,103,2168,2973,144,12,0.32,20.65,0,1,bot
